TimeQuest Timing Analyzer report for lab4
Tue Dec 09 19:03:43 2025
Quartus II 64-Bit Version 13.1.0 Build 162 10/23/2013 SJ Web Edition


---------------------
; Table of Contents ;
---------------------
  1. Legal Notice
  2. TimeQuest Timing Analyzer Summary
  3. Parallel Compilation
  4. Clocks
  5. Slow 1200mV 85C Model Fmax Summary
  6. Timing Closure Recommendations
  7. Slow 1200mV 85C Model Setup Summary
  8. Slow 1200mV 85C Model Hold Summary
  9. Slow 1200mV 85C Model Recovery Summary
 10. Slow 1200mV 85C Model Removal Summary
 11. Slow 1200mV 85C Model Minimum Pulse Width Summary
 12. Slow 1200mV 85C Model Setup: 'clock'
 13. Slow 1200mV 85C Model Hold: 'clock'
 14. Slow 1200mV 85C Model Minimum Pulse Width: 'clock'
 15. Setup Times
 16. Hold Times
 17. Clock to Output Times
 18. Minimum Clock to Output Times
 19. Slow 1200mV 85C Model Metastability Report
 20. Slow 1200mV 0C Model Fmax Summary
 21. Slow 1200mV 0C Model Setup Summary
 22. Slow 1200mV 0C Model Hold Summary
 23. Slow 1200mV 0C Model Recovery Summary
 24. Slow 1200mV 0C Model Removal Summary
 25. Slow 1200mV 0C Model Minimum Pulse Width Summary
 26. Slow 1200mV 0C Model Setup: 'clock'
 27. Slow 1200mV 0C Model Hold: 'clock'
 28. Slow 1200mV 0C Model Minimum Pulse Width: 'clock'
 29. Setup Times
 30. Hold Times
 31. Clock to Output Times
 32. Minimum Clock to Output Times
 33. Slow 1200mV 0C Model Metastability Report
 34. Fast 1200mV 0C Model Setup Summary
 35. Fast 1200mV 0C Model Hold Summary
 36. Fast 1200mV 0C Model Recovery Summary
 37. Fast 1200mV 0C Model Removal Summary
 38. Fast 1200mV 0C Model Minimum Pulse Width Summary
 39. Fast 1200mV 0C Model Setup: 'clock'
 40. Fast 1200mV 0C Model Hold: 'clock'
 41. Fast 1200mV 0C Model Minimum Pulse Width: 'clock'
 42. Setup Times
 43. Hold Times
 44. Clock to Output Times
 45. Minimum Clock to Output Times
 46. Fast 1200mV 0C Model Metastability Report
 47. Multicorner Timing Analysis Summary
 48. Setup Times
 49. Hold Times
 50. Clock to Output Times
 51. Minimum Clock to Output Times
 52. Board Trace Model Assignments
 53. Input Transition Times
 54. Signal Integrity Metrics (Slow 1200mv 0c Model)
 55. Signal Integrity Metrics (Slow 1200mv 85c Model)
 56. Signal Integrity Metrics (Fast 1200mv 0c Model)
 57. Setup Transfers
 58. Hold Transfers
 59. Report TCCS
 60. Report RSKM
 61. Unconstrained Paths
 62. TimeQuest Timing Analyzer Messages



----------------
; Legal Notice ;
----------------
Copyright (C) 1991-2013 Altera Corporation
Your use of Altera Corporation's design tools, logic functions 
and other software and tools, and its AMPP partner logic 
functions, and any output files from any of the foregoing 
(including device programming or simulation files), and any 
associated documentation or information are expressly subject 
to the terms and conditions of the Altera Program License 
Subscription Agreement, Altera MegaCore Function License 
Agreement, or other applicable license agreement, including, 
without limitation, that your use is for the sole purpose of 
programming logic devices manufactured by Altera and sold by 
Altera or its authorized distributors.  Please refer to the 
applicable agreement for further details.



+-------------------------------------------------------------------------+
; TimeQuest Timing Analyzer Summary                                       ;
+--------------------+----------------------------------------------------+
; Quartus II Version ; Version 13.1.0 Build 162 10/23/2013 SJ Web Edition ;
; Revision Name      ; lab4                                               ;
; Device Family      ; Cyclone IV E                                       ;
; Device Name        ; EP4CE115F29C7                                      ;
; Timing Models      ; Final                                              ;
; Delay Model        ; Combined                                           ;
; Rise/Fall Delays   ; Enabled                                            ;
+--------------------+----------------------------------------------------+


Parallel compilation was disabled, but you have multiple processors available. Enable parallel compilation to reduce compilation time.
+-------------------------------------+
; Parallel Compilation                ;
+----------------------------+--------+
; Processors                 ; Number ;
+----------------------------+--------+
; Number detected on machine ; 24     ;
; Maximum allowed            ; 1      ;
+----------------------------+--------+


+-----------------------------------------------------------------------------------------------------------------------------------------------------------------------------------+
; Clocks                                                                                                                                                                            ;
+------------+------+--------+------------+-------+-------+------------+-----------+-------------+-------+--------+-----------+------------+----------+--------+--------+-----------+
; Clock Name ; Type ; Period ; Frequency  ; Rise  ; Fall  ; Duty Cycle ; Divide by ; Multiply by ; Phase ; Offset ; Edge List ; Edge Shift ; Inverted ; Master ; Source ; Targets   ;
+------------+------+--------+------------+-------+-------+------------+-----------+-------------+-------+--------+-----------+------------+----------+--------+--------+-----------+
; clock      ; Base ; 1.000  ; 1000.0 MHz ; 0.000 ; 0.500 ;            ;           ;             ;       ;        ;           ;            ;          ;        ;        ; { clock } ;
+------------+------+--------+------------+-------+-------+------------+-----------+-------------+-------+--------+-----------+------------+----------+--------+--------+-----------+


+-----------------------------------------------------------------------------------------------------------+
; Slow 1200mV 85C Model Fmax Summary                                                                        ;
+------------+-----------------+------------+---------------------------------------------------------------+
; Fmax       ; Restricted Fmax ; Clock Name ; Note                                                          ;
+------------+-----------------+------------+---------------------------------------------------------------+
; 375.38 MHz ; 250.0 MHz       ; clock      ; limit due to minimum period restriction (max I/O toggle rate) ;
+------------+-----------------+------------+---------------------------------------------------------------+
This panel reports FMAX for every clock in the design, regardless of the user-specified clock periods.  FMAX is only computed for paths where the source and destination registers or ports are driven by the same clock.  Paths of different clocks, including generated clocks, are ignored.  For paths between a clock and its inversion, FMAX is computed as if the rising and falling edges are scaled along with FMAX, such that the duty cycle (in terms of a percentage) is maintained. Altera recommends that you always use clock constraints and other slack reports for sign-off analysis.


----------------------------------
; Timing Closure Recommendations ;
----------------------------------
HTML report is unavailable in plain text report export.


+-------------------------------------+
; Slow 1200mV 85C Model Setup Summary ;
+-------+--------+--------------------+
; Clock ; Slack  ; End Point TNS      ;
+-------+--------+--------------------+
; clock ; -1.664 ; -25.916            ;
+-------+--------+--------------------+


+------------------------------------+
; Slow 1200mV 85C Model Hold Summary ;
+-------+-------+--------------------+
; Clock ; Slack ; End Point TNS      ;
+-------+-------+--------------------+
; clock ; 0.385 ; 0.000              ;
+-------+-------+--------------------+


------------------------------------------
; Slow 1200mV 85C Model Recovery Summary ;
------------------------------------------
No paths to report.


-----------------------------------------
; Slow 1200mV 85C Model Removal Summary ;
-----------------------------------------
No paths to report.


+---------------------------------------------------+
; Slow 1200mV 85C Model Minimum Pulse Width Summary ;
+-------+--------+----------------------------------+
; Clock ; Slack  ; End Point TNS                    ;
+-------+--------+----------------------------------+
; clock ; -3.000 ; -32.555                          ;
+-------+--------+----------------------------------+


+----------------------------------------------------------------------------------------------------------------------------------------------------------------+
; Slow 1200mV 85C Model Setup: 'clock'                                                                                                                           ;
+--------+----------------------------------------+----------------------------------------+--------------+-------------+--------------+------------+------------+
; Slack  ; From Node                              ; To Node                                ; Launch Clock ; Latch Clock ; Relationship ; Clock Skew ; Data Delay ;
+--------+----------------------------------------+----------------------------------------+--------------+-------------+--------------+------------+------------+
; -1.664 ; singlepulse:sp1|q2                     ; twoBCDcounters:dispA|counter0to9:u1|q1 ; clock        ; clock       ; 1.000        ; -0.064     ; 2.598      ;
; -1.659 ; singlepulse:sp1|q2                     ; twoBCDcounters:dispA|counter0to9:u1|q2 ; clock        ; clock       ; 1.000        ; -0.064     ; 2.593      ;
; -1.613 ; singlepulse:sp1|q2                     ; twoBCDcounters:dispB|counter0to9:u0|q3 ; clock        ; clock       ; 1.000        ; -0.082     ; 2.529      ;
; -1.612 ; singlepulse2:sp2|q3                    ; twoBCDcounters:dispA|counter0to9:u1|q1 ; clock        ; clock       ; 1.000        ; -0.064     ; 2.546      ;
; -1.611 ; singlepulse:sp1|q2                     ; twoBCDcounters:dispB|counter0to9:u0|q2 ; clock        ; clock       ; 1.000        ; -0.082     ; 2.527      ;
; -1.607 ; singlepulse2:sp2|q3                    ; twoBCDcounters:dispA|counter0to9:u1|q2 ; clock        ; clock       ; 1.000        ; -0.064     ; 2.541      ;
; -1.593 ; twoBCDcounters:dispB|counter0to9:u0|q2 ; twoBCDcounters:dispB|counter0to9:u0|q1 ; clock        ; clock       ; 1.000        ; -0.080     ; 2.511      ;
; -1.549 ; twoBCDcounters:dispA|counter0to9:u1|q3 ; twoBCDcounters:dispA|counter0to9:u1|q1 ; clock        ; clock       ; 1.000        ; -0.512     ; 2.035      ;
; -1.544 ; twoBCDcounters:dispA|counter0to9:u1|q3 ; twoBCDcounters:dispA|counter0to9:u1|q2 ; clock        ; clock       ; 1.000        ; -0.512     ; 2.030      ;
; -1.489 ; singlepulse:sp1|q2                     ; twoBCDcounters:dispB|counter0to9:u0|q1 ; clock        ; clock       ; 1.000        ; -0.082     ; 2.405      ;
; -1.482 ; singlepulse:sp1|q2                     ; twoBCDcounters:dispB|counter0to9:u0|q0 ; clock        ; clock       ; 1.000        ; -0.084     ; 2.396      ;
; -1.479 ; twoBCDcounters:dispA|counter0to9:u1|q0 ; twoBCDcounters:dispA|counter0to9:u1|q1 ; clock        ; clock       ; 1.000        ; -0.512     ; 1.965      ;
; -1.472 ; twoBCDcounters:dispA|counter0to9:u1|q0 ; twoBCDcounters:dispA|counter0to9:u1|q2 ; clock        ; clock       ; 1.000        ; -0.512     ; 1.958      ;
; -1.467 ; singlepulse2:sp2|q1                    ; twoBCDcounters:dispA|counter0to9:u1|q1 ; clock        ; clock       ; 1.000        ; -0.064     ; 2.401      ;
; -1.465 ; singlepulse:sp1|q2                     ; twoBCDcounters:dispB|counter0to9:u1|q1 ; clock        ; clock       ; 1.000        ; -0.080     ; 2.383      ;
; -1.462 ; singlepulse2:sp2|q1                    ; twoBCDcounters:dispA|counter0to9:u1|q2 ; clock        ; clock       ; 1.000        ; -0.064     ; 2.396      ;
; -1.461 ; twoBCDcounters:dispB|counter0to9:u0|q3 ; twoBCDcounters:dispB|counter0to9:u0|q1 ; clock        ; clock       ; 1.000        ; -0.080     ; 2.379      ;
; -1.460 ; twoBCDcounters:dispB|counter0to9:u0|q0 ; twoBCDcounters:dispB|counter0to9:u0|q1 ; clock        ; clock       ; 1.000        ; -0.078     ; 2.380      ;
; -1.453 ; singlepulse:sp1|q2                     ; twoBCDcounters:dispB|counter0to9:u1|q2 ; clock        ; clock       ; 1.000        ; -0.080     ; 2.371      ;
; -1.435 ; twoBCDcounters:dispA|counter0to9:u0|q0 ; twoBCDcounters:dispA|counter0to9:u0|q1 ; clock        ; clock       ; 1.000        ; -0.080     ; 2.353      ;
; -1.434 ; twoBCDcounters:dispA|counter0to9:u0|q0 ; twoBCDcounters:dispA|counter0to9:u0|q2 ; clock        ; clock       ; 1.000        ; -0.080     ; 2.352      ;
; -1.430 ; twoBCDcounters:dispA|counter0to9:u0|q0 ; twoBCDcounters:dispA|counter0to9:u0|q3 ; clock        ; clock       ; 1.000        ; -0.080     ; 2.348      ;
; -1.415 ; singlepulse2:sp2|q3                    ; twoBCDcounters:dispB|counter0to9:u1|q1 ; clock        ; clock       ; 1.000        ; -0.080     ; 2.333      ;
; -1.401 ; singlepulse2:sp2|q3                    ; twoBCDcounters:dispB|counter0to9:u1|q2 ; clock        ; clock       ; 1.000        ; -0.080     ; 2.319      ;
; -1.378 ; twoBCDcounters:dispB|counter0to9:u0|q1 ; twoBCDcounters:dispB|counter0to9:u0|q1 ; clock        ; clock       ; 1.000        ; -0.080     ; 2.296      ;
; -1.366 ; twoBCDcounters:dispA|counter0to9:u0|q1 ; twoBCDcounters:dispA|counter0to9:u0|q1 ; clock        ; clock       ; 1.000        ; -0.080     ; 2.284      ;
; -1.365 ; twoBCDcounters:dispA|counter0to9:u0|q1 ; twoBCDcounters:dispA|counter0to9:u0|q2 ; clock        ; clock       ; 1.000        ; -0.080     ; 2.283      ;
; -1.362 ; twoBCDcounters:dispA|counter0to9:u0|q1 ; twoBCDcounters:dispA|counter0to9:u0|q3 ; clock        ; clock       ; 1.000        ; -0.080     ; 2.280      ;
; -1.356 ; twoBCDcounters:dispA|counter0to9:u1|q2 ; twoBCDcounters:dispA|counter0to9:u1|q1 ; clock        ; clock       ; 1.000        ; -0.081     ; 2.273      ;
; -1.349 ; twoBCDcounters:dispA|counter0to9:u1|q2 ; twoBCDcounters:dispA|counter0to9:u1|q2 ; clock        ; clock       ; 1.000        ; -0.081     ; 2.266      ;
; -1.348 ; singlepulse:sp1|q2                     ; twoBCDcounters:dispB|counter0to9:u1|q3 ; clock        ; clock       ; 1.000        ; -0.082     ; 2.264      ;
; -1.344 ; singlepulse:sp1|q2                     ; twoBCDcounters:dispB|counter0to9:u1|q0 ; clock        ; clock       ; 1.000        ; -0.082     ; 2.260      ;
; -1.326 ; singlepulse:sp1|q2                     ; twoBCDcounters:dispA|counter0to9:u0|q1 ; clock        ; clock       ; 1.000        ; -0.080     ; 2.244      ;
; -1.325 ; singlepulse:sp1|q2                     ; twoBCDcounters:dispA|counter0to9:u0|q0 ; clock        ; clock       ; 1.000        ; -0.080     ; 2.243      ;
; -1.325 ; singlepulse:sp1|q2                     ; twoBCDcounters:dispA|counter0to9:u0|q2 ; clock        ; clock       ; 1.000        ; -0.080     ; 2.243      ;
; -1.324 ; twoBCDcounters:dispA|counter0to9:u1|q1 ; twoBCDcounters:dispA|counter0to9:u1|q1 ; clock        ; clock       ; 1.000        ; -0.081     ; 2.241      ;
; -1.324 ; singlepulse2:sp2|q3                    ; twoBCDcounters:dispB|counter0to9:u1|q3 ; clock        ; clock       ; 1.000        ; -0.082     ; 2.240      ;
; -1.320 ; singlepulse:sp1|q2                     ; twoBCDcounters:dispA|counter0to9:u0|q3 ; clock        ; clock       ; 1.000        ; -0.080     ; 2.238      ;
; -1.320 ; singlepulse2:sp2|q3                    ; twoBCDcounters:dispB|counter0to9:u1|q0 ; clock        ; clock       ; 1.000        ; -0.082     ; 2.236      ;
; -1.319 ; twoBCDcounters:dispA|counter0to9:u1|q1 ; twoBCDcounters:dispA|counter0to9:u1|q2 ; clock        ; clock       ; 1.000        ; -0.081     ; 2.236      ;
; -1.302 ; twoBCDcounters:dispA|counter0to9:u0|q2 ; twoBCDcounters:dispA|counter0to9:u0|q1 ; clock        ; clock       ; 1.000        ; -0.080     ; 2.220      ;
; -1.301 ; twoBCDcounters:dispA|counter0to9:u0|q2 ; twoBCDcounters:dispA|counter0to9:u0|q2 ; clock        ; clock       ; 1.000        ; -0.080     ; 2.219      ;
; -1.297 ; twoBCDcounters:dispA|counter0to9:u0|q2 ; twoBCDcounters:dispA|counter0to9:u0|q3 ; clock        ; clock       ; 1.000        ; -0.080     ; 2.215      ;
; -1.297 ; twoBCDcounters:dispB|counter0to9:u1|q2 ; twoBCDcounters:dispB|counter0to9:u1|q3 ; clock        ; clock       ; 1.000        ; -0.082     ; 2.213      ;
; -1.297 ; singlepulse2:sp2|q3                    ; twoBCDcounters:dispA|counter0to9:u0|q1 ; clock        ; clock       ; 1.000        ; -0.080     ; 2.215      ;
; -1.296 ; singlepulse2:sp2|q3                    ; twoBCDcounters:dispA|counter0to9:u0|q2 ; clock        ; clock       ; 1.000        ; -0.080     ; 2.214      ;
; -1.296 ; singlepulse2:sp2|q3                    ; twoBCDcounters:dispA|counter0to9:u0|q0 ; clock        ; clock       ; 1.000        ; -0.080     ; 2.214      ;
; -1.292 ; singlepulse2:sp2|q3                    ; twoBCDcounters:dispA|counter0to9:u0|q3 ; clock        ; clock       ; 1.000        ; -0.080     ; 2.210      ;
; -1.289 ; singlepulse:sp1|q3                     ; twoBCDcounters:dispA|counter0to9:u1|q1 ; clock        ; clock       ; 1.000        ; -0.064     ; 2.223      ;
; -1.284 ; singlepulse:sp1|q3                     ; twoBCDcounters:dispA|counter0to9:u1|q2 ; clock        ; clock       ; 1.000        ; -0.064     ; 2.218      ;
; -1.284 ; twoBCDcounters:dispB|counter0to9:u0|q2 ; twoBCDcounters:dispB|counter0to9:u0|q3 ; clock        ; clock       ; 1.000        ; -0.080     ; 2.202      ;
; -1.281 ; twoBCDcounters:dispB|counter0to9:u0|q2 ; twoBCDcounters:dispB|counter0to9:u0|q2 ; clock        ; clock       ; 1.000        ; -0.080     ; 2.199      ;
; -1.271 ; twoBCDcounters:dispB|counter0to9:u1|q0 ; twoBCDcounters:dispB|counter0to9:u1|q3 ; clock        ; clock       ; 1.000        ; -0.080     ; 2.189      ;
; -1.268 ; singlepulse2:sp2|q1                    ; twoBCDcounters:dispB|counter0to9:u1|q1 ; clock        ; clock       ; 1.000        ; -0.080     ; 2.186      ;
; -1.256 ; singlepulse2:sp2|q1                    ; twoBCDcounters:dispB|counter0to9:u1|q2 ; clock        ; clock       ; 1.000        ; -0.080     ; 2.174      ;
; -1.250 ; singlepulse:sp1|q2                     ; twoBCDcounters:dispA|counter0to9:u1|q3 ; clock        ; clock       ; 1.000        ; 0.350      ; 2.598      ;
; -1.249 ; singlepulse:sp1|q2                     ; twoBCDcounters:dispA|counter0to9:u1|q0 ; clock        ; clock       ; 1.000        ; 0.350      ; 2.597      ;
; -1.248 ; twoBCDcounters:dispB|counter0to9:u0|q3 ; twoBCDcounters:dispB|counter0to9:u1|q1 ; clock        ; clock       ; 1.000        ; -0.078     ; 2.168      ;
; -1.245 ; singlepulse:sp1|q3                     ; twoBCDcounters:dispB|counter0to9:u0|q3 ; clock        ; clock       ; 1.000        ; -0.082     ; 2.161      ;
; -1.243 ; singlepulse:sp1|q3                     ; twoBCDcounters:dispB|counter0to9:u0|q2 ; clock        ; clock       ; 1.000        ; -0.082     ; 2.159      ;
; -1.236 ; twoBCDcounters:dispB|counter0to9:u0|q3 ; twoBCDcounters:dispB|counter0to9:u1|q2 ; clock        ; clock       ; 1.000        ; -0.078     ; 2.156      ;
; -1.201 ; twoBCDcounters:dispB|counter0to9:u0|q2 ; twoBCDcounters:dispB|counter0to9:u0|q0 ; clock        ; clock       ; 1.000        ; -0.082     ; 2.117      ;
; -1.198 ; singlepulse2:sp2|q3                    ; twoBCDcounters:dispA|counter0to9:u1|q3 ; clock        ; clock       ; 1.000        ; 0.350      ; 2.546      ;
; -1.197 ; singlepulse2:sp2|q3                    ; twoBCDcounters:dispA|counter0to9:u1|q0 ; clock        ; clock       ; 1.000        ; 0.350      ; 2.545      ;
; -1.192 ; twoBCDcounters:dispB|counter0to9:u1|q3 ; twoBCDcounters:dispB|counter0to9:u1|q3 ; clock        ; clock       ; 1.000        ; -0.080     ; 2.110      ;
; -1.182 ; twoBCDcounters:dispB|counter0to9:u0|q3 ; twoBCDcounters:dispB|counter0to9:u0|q3 ; clock        ; clock       ; 1.000        ; -0.080     ; 2.100      ;
; -1.179 ; twoBCDcounters:dispB|counter0to9:u0|q3 ; twoBCDcounters:dispB|counter0to9:u0|q2 ; clock        ; clock       ; 1.000        ; -0.080     ; 2.097      ;
; -1.160 ; singlepulse2:sp2|q1                    ; twoBCDcounters:dispB|counter0to9:u1|q3 ; clock        ; clock       ; 1.000        ; -0.082     ; 2.076      ;
; -1.156 ; singlepulse2:sp2|q1                    ; twoBCDcounters:dispB|counter0to9:u1|q0 ; clock        ; clock       ; 1.000        ; -0.082     ; 2.072      ;
; -1.151 ; twoBCDcounters:dispB|counter0to9:u1|q2 ; twoBCDcounters:dispB|counter0to9:u1|q1 ; clock        ; clock       ; 1.000        ; -0.080     ; 2.069      ;
; -1.151 ; twoBCDcounters:dispB|counter0to9:u0|q0 ; twoBCDcounters:dispB|counter0to9:u0|q3 ; clock        ; clock       ; 1.000        ; -0.078     ; 2.071      ;
; -1.150 ; twoBCDcounters:dispB|counter0to9:u1|q2 ; twoBCDcounters:dispB|counter0to9:u1|q2 ; clock        ; clock       ; 1.000        ; -0.080     ; 2.068      ;
; -1.148 ; twoBCDcounters:dispB|counter0to9:u0|q0 ; twoBCDcounters:dispB|counter0to9:u0|q2 ; clock        ; clock       ; 1.000        ; -0.078     ; 2.068      ;
; -1.136 ; twoBCDcounters:dispA|counter0to9:u1|q3 ; twoBCDcounters:dispA|counter0to9:u1|q3 ; clock        ; clock       ; 1.000        ; -0.098     ; 2.036      ;
; -1.135 ; singlepulse:sp1|q3                     ; twoBCDcounters:dispB|counter0to9:u0|q1 ; clock        ; clock       ; 1.000        ; -0.082     ; 2.051      ;
; -1.133 ; singlepulse2:sp2|q1                    ; twoBCDcounters:dispA|counter0to9:u0|q1 ; clock        ; clock       ; 1.000        ; -0.080     ; 2.051      ;
; -1.132 ; singlepulse2:sp2|q1                    ; twoBCDcounters:dispA|counter0to9:u0|q2 ; clock        ; clock       ; 1.000        ; -0.080     ; 2.050      ;
; -1.132 ; singlepulse2:sp2|q1                    ; twoBCDcounters:dispA|counter0to9:u0|q0 ; clock        ; clock       ; 1.000        ; -0.080     ; 2.050      ;
; -1.131 ; singlepulse:sp1|q3                     ; twoBCDcounters:dispB|counter0to9:u0|q0 ; clock        ; clock       ; 1.000        ; -0.084     ; 2.045      ;
; -1.131 ; twoBCDcounters:dispB|counter0to9:u0|q3 ; twoBCDcounters:dispB|counter0to9:u1|q3 ; clock        ; clock       ; 1.000        ; -0.080     ; 2.049      ;
; -1.128 ; singlepulse2:sp2|q1                    ; twoBCDcounters:dispA|counter0to9:u0|q3 ; clock        ; clock       ; 1.000        ; -0.080     ; 2.046      ;
; -1.127 ; twoBCDcounters:dispB|counter0to9:u0|q3 ; twoBCDcounters:dispB|counter0to9:u1|q0 ; clock        ; clock       ; 1.000        ; -0.080     ; 2.045      ;
; -1.125 ; twoBCDcounters:dispB|counter0to9:u1|q0 ; twoBCDcounters:dispB|counter0to9:u1|q1 ; clock        ; clock       ; 1.000        ; -0.078     ; 2.045      ;
; -1.124 ; twoBCDcounters:dispB|counter0to9:u1|q0 ; twoBCDcounters:dispB|counter0to9:u1|q2 ; clock        ; clock       ; 1.000        ; -0.078     ; 2.044      ;
; -1.120 ; twoBCDcounters:dispA|counter0to9:u0|q3 ; twoBCDcounters:dispA|counter0to9:u0|q1 ; clock        ; clock       ; 1.000        ; -0.080     ; 2.038      ;
; -1.119 ; twoBCDcounters:dispA|counter0to9:u0|q3 ; twoBCDcounters:dispA|counter0to9:u0|q2 ; clock        ; clock       ; 1.000        ; -0.080     ; 2.037      ;
; -1.118 ; singlepulse:sp1|q3                     ; twoBCDcounters:dispB|counter0to9:u1|q1 ; clock        ; clock       ; 1.000        ; -0.080     ; 2.036      ;
; -1.116 ; twoBCDcounters:dispA|counter0to9:u0|q3 ; twoBCDcounters:dispA|counter0to9:u0|q3 ; clock        ; clock       ; 1.000        ; -0.080     ; 2.034      ;
; -1.114 ; twoBCDcounters:dispB|counter0to9:u0|q0 ; twoBCDcounters:dispB|counter0to9:u1|q1 ; clock        ; clock       ; 1.000        ; -0.076     ; 2.036      ;
; -1.113 ; twoBCDcounters:dispB|counter0to9:u1|q1 ; twoBCDcounters:dispB|counter0to9:u1|q3 ; clock        ; clock       ; 1.000        ; -0.082     ; 2.029      ;
; -1.102 ; twoBCDcounters:dispB|counter0to9:u0|q0 ; twoBCDcounters:dispB|counter0to9:u1|q2 ; clock        ; clock       ; 1.000        ; -0.076     ; 2.024      ;
; -1.099 ; twoBCDcounters:dispB|counter0to9:u0|q1 ; twoBCDcounters:dispB|counter0to9:u0|q3 ; clock        ; clock       ; 1.000        ; -0.080     ; 2.017      ;
; -1.096 ; twoBCDcounters:dispB|counter0to9:u0|q1 ; twoBCDcounters:dispB|counter0to9:u0|q2 ; clock        ; clock       ; 1.000        ; -0.080     ; 2.014      ;
; -1.094 ; singlepulse:sp1|q3                     ; twoBCDcounters:dispB|counter0to9:u1|q2 ; clock        ; clock       ; 1.000        ; -0.080     ; 2.012      ;
; -1.093 ; twoBCDcounters:dispB|counter0to9:u1|q3 ; twoBCDcounters:dispB|counter0to9:u1|q1 ; clock        ; clock       ; 1.000        ; -0.078     ; 2.013      ;
; -1.093 ; twoBCDcounters:dispB|counter0to9:u1|q3 ; twoBCDcounters:dispB|counter0to9:u1|q2 ; clock        ; clock       ; 1.000        ; -0.078     ; 2.013      ;
; -1.080 ; twoBCDcounters:dispB|counter0to9:u1|q1 ; twoBCDcounters:dispB|counter0to9:u1|q2 ; clock        ; clock       ; 1.000        ; -0.080     ; 1.998      ;
; -1.068 ; twoBCDcounters:dispB|counter0to9:u0|q0 ; twoBCDcounters:dispB|counter0to9:u0|q0 ; clock        ; clock       ; 1.000        ; -0.080     ; 1.986      ;
; -1.066 ; twoBCDcounters:dispA|counter0to9:u1|q0 ; twoBCDcounters:dispA|counter0to9:u1|q3 ; clock        ; clock       ; 1.000        ; -0.098     ; 1.966      ;
; -1.053 ; singlepulse2:sp2|q1                    ; twoBCDcounters:dispA|counter0to9:u1|q3 ; clock        ; clock       ; 1.000        ; 0.350      ; 2.401      ;
+--------+----------------------------------------+----------------------------------------+--------------+-------------+--------------+------------+------------+


+---------------------------------------------------------------------------------------------------------------------------------------------------------------+
; Slow 1200mV 85C Model Hold: 'clock'                                                                                                                           ;
+-------+----------------------------------------+----------------------------------------+--------------+-------------+--------------+------------+------------+
; Slack ; From Node                              ; To Node                                ; Launch Clock ; Latch Clock ; Relationship ; Clock Skew ; Data Delay ;
+-------+----------------------------------------+----------------------------------------+--------------+-------------+--------------+------------+------------+
; 0.385 ; twoBCDcounters:dispA|counter0to9:u1|q3 ; twoBCDcounters:dispA|counter0to9:u1|q3 ; clock        ; clock       ; 0.000        ; 0.098      ; 0.669      ;
; 0.385 ; twoBCDcounters:dispA|counter0to9:u1|q0 ; twoBCDcounters:dispA|counter0to9:u1|q0 ; clock        ; clock       ; 0.000        ; 0.098      ; 0.669      ;
; 0.402 ; twoBCDcounters:dispA|counter0to9:u1|q2 ; twoBCDcounters:dispA|counter0to9:u1|q2 ; clock        ; clock       ; 0.000        ; 0.081      ; 0.669      ;
; 0.402 ; twoBCDcounters:dispA|counter0to9:u1|q1 ; twoBCDcounters:dispA|counter0to9:u1|q1 ; clock        ; clock       ; 0.000        ; 0.081      ; 0.669      ;
; 0.403 ; twoBCDcounters:dispB|counter0to9:u1|q3 ; twoBCDcounters:dispB|counter0to9:u1|q3 ; clock        ; clock       ; 0.000        ; 0.080      ; 0.669      ;
; 0.403 ; twoBCDcounters:dispB|counter0to9:u1|q0 ; twoBCDcounters:dispB|counter0to9:u1|q0 ; clock        ; clock       ; 0.000        ; 0.080      ; 0.669      ;
; 0.403 ; twoBCDcounters:dispB|counter0to9:u1|q1 ; twoBCDcounters:dispB|counter0to9:u1|q1 ; clock        ; clock       ; 0.000        ; 0.080      ; 0.669      ;
; 0.403 ; twoBCDcounters:dispB|counter0to9:u1|q2 ; twoBCDcounters:dispB|counter0to9:u1|q2 ; clock        ; clock       ; 0.000        ; 0.080      ; 0.669      ;
; 0.403 ; twoBCDcounters:dispB|counter0to9:u0|q0 ; twoBCDcounters:dispB|counter0to9:u0|q0 ; clock        ; clock       ; 0.000        ; 0.080      ; 0.669      ;
; 0.403 ; twoBCDcounters:dispB|counter0to9:u0|q1 ; twoBCDcounters:dispB|counter0to9:u0|q1 ; clock        ; clock       ; 0.000        ; 0.080      ; 0.669      ;
; 0.403 ; twoBCDcounters:dispB|counter0to9:u0|q3 ; twoBCDcounters:dispB|counter0to9:u0|q3 ; clock        ; clock       ; 0.000        ; 0.080      ; 0.669      ;
; 0.403 ; twoBCDcounters:dispB|counter0to9:u0|q2 ; twoBCDcounters:dispB|counter0to9:u0|q2 ; clock        ; clock       ; 0.000        ; 0.080      ; 0.669      ;
; 0.403 ; twoBCDcounters:dispA|counter0to9:u0|q0 ; twoBCDcounters:dispA|counter0to9:u0|q0 ; clock        ; clock       ; 0.000        ; 0.080      ; 0.669      ;
; 0.403 ; twoBCDcounters:dispA|counter0to9:u0|q1 ; twoBCDcounters:dispA|counter0to9:u0|q1 ; clock        ; clock       ; 0.000        ; 0.080      ; 0.669      ;
; 0.403 ; twoBCDcounters:dispA|counter0to9:u0|q2 ; twoBCDcounters:dispA|counter0to9:u0|q2 ; clock        ; clock       ; 0.000        ; 0.080      ; 0.669      ;
; 0.403 ; twoBCDcounters:dispA|counter0to9:u0|q3 ; twoBCDcounters:dispA|counter0to9:u0|q3 ; clock        ; clock       ; 0.000        ; 0.080      ; 0.669      ;
; 0.624 ; singlepulse2:sp2|q1                    ; singlepulse2:sp2|q2                    ; clock        ; clock       ; 0.000        ; 0.080      ; 0.890      ;
; 0.744 ; twoBCDcounters:dispA|counter0to9:u1|q1 ; twoBCDcounters:dispA|counter0to9:u1|q3 ; clock        ; clock       ; 0.000        ; 0.512      ; 1.442      ;
; 0.848 ; twoBCDcounters:dispA|counter0to9:u1|q2 ; twoBCDcounters:dispA|counter0to9:u1|q3 ; clock        ; clock       ; 0.000        ; 0.512      ; 1.546      ;
; 0.872 ; twoBCDcounters:dispA|counter0to9:u0|q3 ; twoBCDcounters:dispA|counter0to9:u1|q0 ; clock        ; clock       ; 0.000        ; 0.528      ; 1.586      ;
; 0.873 ; twoBCDcounters:dispA|counter0to9:u0|q3 ; twoBCDcounters:dispA|counter0to9:u1|q3 ; clock        ; clock       ; 0.000        ; 0.528      ; 1.587      ;
; 0.884 ; twoBCDcounters:dispB|counter0to9:u1|q0 ; twoBCDcounters:dispB|counter0to9:u1|q1 ; clock        ; clock       ; 0.000        ; 0.082      ; 1.152      ;
; 1.017 ; singlepulse:sp1|q1                     ; singlepulse:sp1|q2                     ; clock        ; clock       ; 0.000        ; -0.337     ; 0.866      ;
; 1.038 ; singlepulse:sp1|q2                     ; singlepulse:sp1|q3                     ; clock        ; clock       ; 0.000        ; 0.080      ; 1.304      ;
; 1.041 ; twoBCDcounters:dispA|counter0to9:u1|q0 ; twoBCDcounters:dispA|counter0to9:u1|q3 ; clock        ; clock       ; 0.000        ; 0.098      ; 1.325      ;
; 1.068 ; twoBCDcounters:dispA|counter0to9:u1|q2 ; twoBCDcounters:dispA|counter0to9:u1|q0 ; clock        ; clock       ; 0.000        ; 0.512      ; 1.766      ;
; 1.069 ; twoBCDcounters:dispA|counter0to9:u0|q3 ; twoBCDcounters:dispA|counter0to9:u0|q0 ; clock        ; clock       ; 0.000        ; 0.080      ; 1.335      ;
; 1.104 ; twoBCDcounters:dispB|counter0to9:u0|q0 ; twoBCDcounters:dispB|counter0to9:u0|q1 ; clock        ; clock       ; 0.000        ; 0.082      ; 1.372      ;
; 1.105 ; twoBCDcounters:dispA|counter0to9:u0|q0 ; twoBCDcounters:dispA|counter0to9:u1|q0 ; clock        ; clock       ; 0.000        ; 0.528      ; 1.819      ;
; 1.106 ; twoBCDcounters:dispA|counter0to9:u0|q0 ; twoBCDcounters:dispA|counter0to9:u1|q3 ; clock        ; clock       ; 0.000        ; 0.528      ; 1.820      ;
; 1.112 ; twoBCDcounters:dispA|counter0to9:u1|q1 ; twoBCDcounters:dispA|counter0to9:u1|q0 ; clock        ; clock       ; 0.000        ; 0.512      ; 1.810      ;
; 1.155 ; twoBCDcounters:dispA|counter0to9:u0|q2 ; twoBCDcounters:dispA|counter0to9:u0|q0 ; clock        ; clock       ; 0.000        ; 0.080      ; 1.421      ;
; 1.161 ; twoBCDcounters:dispB|counter0to9:u1|q0 ; twoBCDcounters:dispB|counter0to9:u1|q3 ; clock        ; clock       ; 0.000        ; 0.080      ; 1.427      ;
; 1.187 ; twoBCDcounters:dispA|counter0to9:u0|q1 ; twoBCDcounters:dispA|counter0to9:u0|q3 ; clock        ; clock       ; 0.000        ; 0.080      ; 1.453      ;
; 1.203 ; twoBCDcounters:dispB|counter0to9:u1|q1 ; twoBCDcounters:dispB|counter0to9:u1|q3 ; clock        ; clock       ; 0.000        ; 0.078      ; 1.467      ;
; 1.211 ; singlepulse2:sp2|q0                    ; singlepulse2:sp2|q1                    ; clock        ; clock       ; 0.000        ; -0.332     ; 1.065      ;
; 1.255 ; twoBCDcounters:dispB|counter0to9:u1|q1 ; twoBCDcounters:dispB|counter0to9:u1|q0 ; clock        ; clock       ; 0.000        ; 0.078      ; 1.519      ;
; 1.260 ; twoBCDcounters:dispA|counter0to9:u1|q0 ; twoBCDcounters:dispA|counter0to9:u1|q1 ; clock        ; clock       ; 0.000        ; -0.333     ; 1.113      ;
; 1.269 ; twoBCDcounters:dispB|counter0to9:u0|q2 ; twoBCDcounters:dispB|counter0to9:u0|q3 ; clock        ; clock       ; 0.000        ; 0.080      ; 1.535      ;
; 1.274 ; twoBCDcounters:dispB|counter0to9:u0|q1 ; twoBCDcounters:dispB|counter0to9:u0|q3 ; clock        ; clock       ; 0.000        ; 0.080      ; 1.540      ;
; 1.274 ; twoBCDcounters:dispB|counter0to9:u0|q1 ; twoBCDcounters:dispB|counter0to9:u0|q2 ; clock        ; clock       ; 0.000        ; 0.080      ; 1.540      ;
; 1.301 ; twoBCDcounters:dispA|counter0to9:u0|q3 ; twoBCDcounters:dispA|counter0to9:u1|q2 ; clock        ; clock       ; 0.000        ; 0.097      ; 1.584      ;
; 1.304 ; twoBCDcounters:dispA|counter0to9:u0|q3 ; twoBCDcounters:dispA|counter0to9:u1|q1 ; clock        ; clock       ; 0.000        ; 0.097      ; 1.587      ;
; 1.307 ; twoBCDcounters:dispB|counter0to9:u1|q3 ; twoBCDcounters:dispB|counter0to9:u1|q0 ; clock        ; clock       ; 0.000        ; 0.080      ; 1.573      ;
; 1.311 ; twoBCDcounters:dispA|counter0to9:u0|q2 ; twoBCDcounters:dispA|counter0to9:u0|q3 ; clock        ; clock       ; 0.000        ; 0.080      ; 1.577      ;
; 1.321 ; twoBCDcounters:dispA|counter0to9:u0|q1 ; twoBCDcounters:dispA|counter0to9:u0|q0 ; clock        ; clock       ; 0.000        ; 0.080      ; 1.587      ;
; 1.333 ; singlepulse:sp1|q3                     ; twoBCDcounters:dispA|counter0to9:u1|q0 ; clock        ; clock       ; 0.000        ; 0.528      ; 2.047      ;
; 1.334 ; singlepulse:sp1|q3                     ; twoBCDcounters:dispA|counter0to9:u1|q3 ; clock        ; clock       ; 0.000        ; 0.528      ; 2.048      ;
; 1.336 ; twoBCDcounters:dispA|counter0to9:u1|q1 ; twoBCDcounters:dispA|counter0to9:u1|q2 ; clock        ; clock       ; 0.000        ; 0.081      ; 1.603      ;
; 1.337 ; twoBCDcounters:dispB|counter0to9:u1|q2 ; twoBCDcounters:dispB|counter0to9:u1|q0 ; clock        ; clock       ; 0.000        ; 0.078      ; 1.601      ;
; 1.338 ; singlepulse2:sp2|q1                    ; twoBCDcounters:dispB|counter0to9:u0|q0 ; clock        ; clock       ; 0.000        ; 0.076      ; 1.600      ;
; 1.342 ; twoBCDcounters:dispA|counter0to9:u1|q3 ; twoBCDcounters:dispA|counter0to9:u1|q0 ; clock        ; clock       ; 0.000        ; 0.098      ; 1.626      ;
; 1.344 ; singlepulse2:sp2|q3                    ; twoBCDcounters:dispB|counter0to9:u0|q0 ; clock        ; clock       ; 0.000        ; 0.076      ; 1.606      ;
; 1.345 ; singlepulse2:sp2|q1                    ; twoBCDcounters:dispB|counter0to9:u0|q1 ; clock        ; clock       ; 0.000        ; 0.078      ; 1.609      ;
; 1.348 ; singlepulse2:sp2|q3                    ; twoBCDcounters:dispB|counter0to9:u0|q1 ; clock        ; clock       ; 0.000        ; 0.078      ; 1.612      ;
; 1.362 ; twoBCDcounters:dispA|counter0to9:u0|q0 ; twoBCDcounters:dispA|counter0to9:u0|q1 ; clock        ; clock       ; 0.000        ; 0.080      ; 1.628      ;
; 1.366 ; twoBCDcounters:dispB|counter0to9:u1|q0 ; twoBCDcounters:dispB|counter0to9:u1|q2 ; clock        ; clock       ; 0.000        ; 0.082      ; 1.634      ;
; 1.388 ; twoBCDcounters:dispA|counter0to9:u0|q1 ; twoBCDcounters:dispA|counter0to9:u0|q2 ; clock        ; clock       ; 0.000        ; 0.080      ; 1.654      ;
; 1.409 ; singlepulse2:sp2|q3                    ; twoBCDcounters:dispB|counter0to9:u0|q2 ; clock        ; clock       ; 0.000        ; 0.078      ; 1.673      ;
; 1.410 ; singlepulse2:sp2|q3                    ; twoBCDcounters:dispB|counter0to9:u0|q3 ; clock        ; clock       ; 0.000        ; 0.078      ; 1.674      ;
; 1.417 ; singlepulse2:sp2|q1                    ; twoBCDcounters:dispB|counter0to9:u0|q2 ; clock        ; clock       ; 0.000        ; 0.078      ; 1.681      ;
; 1.418 ; singlepulse2:sp2|q1                    ; twoBCDcounters:dispB|counter0to9:u0|q3 ; clock        ; clock       ; 0.000        ; 0.078      ; 1.682      ;
; 1.423 ; twoBCDcounters:dispA|counter0to9:u0|q0 ; twoBCDcounters:dispA|counter0to9:u0|q3 ; clock        ; clock       ; 0.000        ; 0.080      ; 1.689      ;
; 1.430 ; twoBCDcounters:dispB|counter0to9:u1|q2 ; twoBCDcounters:dispB|counter0to9:u1|q3 ; clock        ; clock       ; 0.000        ; 0.078      ; 1.694      ;
; 1.442 ; singlepulse:sp1|q3                     ; twoBCDcounters:dispA|counter0to9:u0|q3 ; clock        ; clock       ; 0.000        ; 0.080      ; 1.708      ;
; 1.443 ; singlepulse2:sp2|q2                    ; singlepulse2:sp2|q3                    ; clock        ; clock       ; 0.000        ; 0.080      ; 1.709      ;
; 1.446 ; singlepulse:sp1|q3                     ; twoBCDcounters:dispA|counter0to9:u0|q0 ; clock        ; clock       ; 0.000        ; 0.080      ; 1.712      ;
; 1.447 ; singlepulse:sp1|q3                     ; twoBCDcounters:dispA|counter0to9:u0|q2 ; clock        ; clock       ; 0.000        ; 0.080      ; 1.713      ;
; 1.448 ; singlepulse:sp1|q3                     ; twoBCDcounters:dispA|counter0to9:u0|q1 ; clock        ; clock       ; 0.000        ; 0.080      ; 1.714      ;
; 1.450 ; twoBCDcounters:dispB|counter0to9:u0|q1 ; twoBCDcounters:dispB|counter0to9:u0|q0 ; clock        ; clock       ; 0.000        ; 0.078      ; 1.714      ;
; 1.464 ; singlepulse:sp1|q3                     ; twoBCDcounters:dispB|counter0to9:u1|q0 ; clock        ; clock       ; 0.000        ; 0.078      ; 1.728      ;
; 1.468 ; singlepulse:sp1|q3                     ; twoBCDcounters:dispB|counter0to9:u1|q3 ; clock        ; clock       ; 0.000        ; 0.078      ; 1.732      ;
; 1.473 ; singlepulse2:sp2|q1                    ; twoBCDcounters:dispA|counter0to9:u1|q0 ; clock        ; clock       ; 0.000        ; 0.528      ; 2.187      ;
; 1.474 ; singlepulse2:sp2|q1                    ; twoBCDcounters:dispA|counter0to9:u1|q3 ; clock        ; clock       ; 0.000        ; 0.528      ; 2.188      ;
; 1.509 ; twoBCDcounters:dispB|counter0to9:u1|q1 ; twoBCDcounters:dispB|counter0to9:u1|q2 ; clock        ; clock       ; 0.000        ; 0.080      ; 1.775      ;
; 1.526 ; twoBCDcounters:dispB|counter0to9:u0|q0 ; twoBCDcounters:dispB|counter0to9:u1|q0 ; clock        ; clock       ; 0.000        ; 0.082      ; 1.794      ;
; 1.530 ; twoBCDcounters:dispB|counter0to9:u0|q0 ; twoBCDcounters:dispB|counter0to9:u1|q3 ; clock        ; clock       ; 0.000        ; 0.082      ; 1.798      ;
; 1.534 ; twoBCDcounters:dispA|counter0to9:u0|q0 ; twoBCDcounters:dispA|counter0to9:u1|q2 ; clock        ; clock       ; 0.000        ; 0.097      ; 1.817      ;
; 1.537 ; twoBCDcounters:dispA|counter0to9:u0|q0 ; twoBCDcounters:dispA|counter0to9:u1|q1 ; clock        ; clock       ; 0.000        ; 0.097      ; 1.820      ;
; 1.549 ; twoBCDcounters:dispB|counter0to9:u0|q3 ; twoBCDcounters:dispB|counter0to9:u0|q0 ; clock        ; clock       ; 0.000        ; 0.078      ; 1.813      ;
; 1.552 ; twoBCDcounters:dispA|counter0to9:u0|q3 ; twoBCDcounters:dispA|counter0to9:u0|q1 ; clock        ; clock       ; 0.000        ; 0.080      ; 1.818      ;
; 1.558 ; singlepulse:sp1|q3                     ; twoBCDcounters:dispB|counter0to9:u1|q1 ; clock        ; clock       ; 0.000        ; 0.080      ; 1.824      ;
; 1.559 ; singlepulse:sp1|q3                     ; twoBCDcounters:dispB|counter0to9:u1|q2 ; clock        ; clock       ; 0.000        ; 0.080      ; 1.825      ;
; 1.561 ; twoBCDcounters:dispB|counter0to9:u1|q3 ; twoBCDcounters:dispB|counter0to9:u1|q2 ; clock        ; clock       ; 0.000        ; 0.082      ; 1.829      ;
; 1.562 ; twoBCDcounters:dispB|counter0to9:u0|q0 ; twoBCDcounters:dispB|counter0to9:u0|q3 ; clock        ; clock       ; 0.000        ; 0.082      ; 1.830      ;
; 1.562 ; twoBCDcounters:dispB|counter0to9:u0|q0 ; twoBCDcounters:dispB|counter0to9:u0|q2 ; clock        ; clock       ; 0.000        ; 0.082      ; 1.830      ;
; 1.562 ; twoBCDcounters:dispB|counter0to9:u1|q3 ; twoBCDcounters:dispB|counter0to9:u1|q1 ; clock        ; clock       ; 0.000        ; 0.082      ; 1.830      ;
; 1.568 ; twoBCDcounters:dispB|counter0to9:u0|q0 ; twoBCDcounters:dispB|counter0to9:u1|q1 ; clock        ; clock       ; 0.000        ; 0.084      ; 1.838      ;
; 1.569 ; twoBCDcounters:dispB|counter0to9:u0|q0 ; twoBCDcounters:dispB|counter0to9:u1|q2 ; clock        ; clock       ; 0.000        ; 0.084      ; 1.839      ;
; 1.579 ; twoBCDcounters:dispA|counter0to9:u0|q3 ; twoBCDcounters:dispA|counter0to9:u0|q2 ; clock        ; clock       ; 0.000        ; 0.080      ; 1.845      ;
; 1.581 ; singlepulse2:sp2|q1                    ; twoBCDcounters:dispA|counter0to9:u0|q3 ; clock        ; clock       ; 0.000        ; 0.080      ; 1.847      ;
; 1.585 ; singlepulse2:sp2|q1                    ; twoBCDcounters:dispA|counter0to9:u0|q0 ; clock        ; clock       ; 0.000        ; 0.080      ; 1.851      ;
; 1.586 ; singlepulse:sp1|q3                     ; twoBCDcounters:dispB|counter0to9:u0|q0 ; clock        ; clock       ; 0.000        ; 0.076      ; 1.848      ;
; 1.586 ; singlepulse2:sp2|q1                    ; twoBCDcounters:dispA|counter0to9:u0|q2 ; clock        ; clock       ; 0.000        ; 0.080      ; 1.852      ;
; 1.587 ; singlepulse2:sp2|q1                    ; twoBCDcounters:dispA|counter0to9:u0|q1 ; clock        ; clock       ; 0.000        ; 0.080      ; 1.853      ;
; 1.590 ; singlepulse:sp1|q3                     ; twoBCDcounters:dispB|counter0to9:u0|q1 ; clock        ; clock       ; 0.000        ; 0.078      ; 1.854      ;
; 1.596 ; singlepulse2:sp2|q3                    ; twoBCDcounters:dispA|counter0to9:u1|q0 ; clock        ; clock       ; 0.000        ; 0.528      ; 2.310      ;
; 1.597 ; singlepulse2:sp2|q3                    ; twoBCDcounters:dispA|counter0to9:u1|q3 ; clock        ; clock       ; 0.000        ; 0.528      ; 2.311      ;
; 1.603 ; singlepulse2:sp2|q1                    ; twoBCDcounters:dispB|counter0to9:u1|q0 ; clock        ; clock       ; 0.000        ; 0.078      ; 1.867      ;
; 1.605 ; singlepulse:sp1|q2                     ; twoBCDcounters:dispA|counter0to9:u1|q0 ; clock        ; clock       ; 0.000        ; 0.528      ; 2.319      ;
+-------+----------------------------------------+----------------------------------------+--------------+-------------+--------------+------------+------------+


+-------------------------------------------------------------------------------------------------------------------------+
; Slow 1200mV 85C Model Minimum Pulse Width: 'clock'                                                                      ;
+--------+--------------+----------------+------------------+-------+------------+----------------------------------------+
; Slack  ; Actual Width ; Required Width ; Type             ; Clock ; Clock Edge ; Target                                 ;
+--------+--------------+----------------+------------------+-------+------------+----------------------------------------+
; -3.000 ; 1.000        ; 4.000          ; Port Rate        ; clock ; Rise       ; clock                                  ;
; -1.285 ; 1.000        ; 2.285          ; Min Period       ; clock ; Rise       ; singlepulse2:sp2|q0                    ;
; -1.285 ; 1.000        ; 2.285          ; Min Period       ; clock ; Rise       ; singlepulse2:sp2|q1                    ;
; -1.285 ; 1.000        ; 2.285          ; Min Period       ; clock ; Rise       ; singlepulse2:sp2|q2                    ;
; -1.285 ; 1.000        ; 2.285          ; Min Period       ; clock ; Rise       ; singlepulse2:sp2|q3                    ;
; -1.285 ; 1.000        ; 2.285          ; Min Period       ; clock ; Rise       ; singlepulse:sp1|q1                     ;
; -1.285 ; 1.000        ; 2.285          ; Min Period       ; clock ; Rise       ; singlepulse:sp1|q2                     ;
; -1.285 ; 1.000        ; 2.285          ; Min Period       ; clock ; Rise       ; singlepulse:sp1|q3                     ;
; -1.285 ; 1.000        ; 2.285          ; Min Period       ; clock ; Rise       ; twoBCDcounters:dispA|counter0to9:u0|q0 ;
; -1.285 ; 1.000        ; 2.285          ; Min Period       ; clock ; Rise       ; twoBCDcounters:dispA|counter0to9:u0|q1 ;
; -1.285 ; 1.000        ; 2.285          ; Min Period       ; clock ; Rise       ; twoBCDcounters:dispA|counter0to9:u0|q2 ;
; -1.285 ; 1.000        ; 2.285          ; Min Period       ; clock ; Rise       ; twoBCDcounters:dispA|counter0to9:u0|q3 ;
; -1.285 ; 1.000        ; 2.285          ; Min Period       ; clock ; Rise       ; twoBCDcounters:dispA|counter0to9:u1|q0 ;
; -1.285 ; 1.000        ; 2.285          ; Min Period       ; clock ; Rise       ; twoBCDcounters:dispA|counter0to9:u1|q1 ;
; -1.285 ; 1.000        ; 2.285          ; Min Period       ; clock ; Rise       ; twoBCDcounters:dispA|counter0to9:u1|q2 ;
; -1.285 ; 1.000        ; 2.285          ; Min Period       ; clock ; Rise       ; twoBCDcounters:dispA|counter0to9:u1|q3 ;
; -1.285 ; 1.000        ; 2.285          ; Min Period       ; clock ; Rise       ; twoBCDcounters:dispB|counter0to9:u0|q0 ;
; -1.285 ; 1.000        ; 2.285          ; Min Period       ; clock ; Rise       ; twoBCDcounters:dispB|counter0to9:u0|q1 ;
; -1.285 ; 1.000        ; 2.285          ; Min Period       ; clock ; Rise       ; twoBCDcounters:dispB|counter0to9:u0|q2 ;
; -1.285 ; 1.000        ; 2.285          ; Min Period       ; clock ; Rise       ; twoBCDcounters:dispB|counter0to9:u0|q3 ;
; -1.285 ; 1.000        ; 2.285          ; Min Period       ; clock ; Rise       ; twoBCDcounters:dispB|counter0to9:u1|q0 ;
; -1.285 ; 1.000        ; 2.285          ; Min Period       ; clock ; Rise       ; twoBCDcounters:dispB|counter0to9:u1|q1 ;
; -1.285 ; 1.000        ; 2.285          ; Min Period       ; clock ; Rise       ; twoBCDcounters:dispB|counter0to9:u1|q2 ;
; -1.285 ; 1.000        ; 2.285          ; Min Period       ; clock ; Rise       ; twoBCDcounters:dispB|counter0to9:u1|q3 ;
; 0.252  ; 0.440        ; 0.188          ; Low Pulse Width  ; clock ; Rise       ; singlepulse:sp1|q1                     ;
; 0.258  ; 0.446        ; 0.188          ; Low Pulse Width  ; clock ; Rise       ; singlepulse2:sp2|q1                    ;
; 0.258  ; 0.446        ; 0.188          ; Low Pulse Width  ; clock ; Rise       ; singlepulse2:sp2|q2                    ;
; 0.258  ; 0.446        ; 0.188          ; Low Pulse Width  ; clock ; Rise       ; singlepulse2:sp2|q3                    ;
; 0.258  ; 0.446        ; 0.188          ; Low Pulse Width  ; clock ; Rise       ; singlepulse:sp1|q2                     ;
; 0.258  ; 0.446        ; 0.188          ; Low Pulse Width  ; clock ; Rise       ; singlepulse:sp1|q3                     ;
; 0.258  ; 0.446        ; 0.188          ; Low Pulse Width  ; clock ; Rise       ; twoBCDcounters:dispA|counter0to9:u0|q0 ;
; 0.258  ; 0.446        ; 0.188          ; Low Pulse Width  ; clock ; Rise       ; twoBCDcounters:dispA|counter0to9:u0|q1 ;
; 0.258  ; 0.446        ; 0.188          ; Low Pulse Width  ; clock ; Rise       ; twoBCDcounters:dispA|counter0to9:u0|q2 ;
; 0.258  ; 0.446        ; 0.188          ; Low Pulse Width  ; clock ; Rise       ; twoBCDcounters:dispA|counter0to9:u0|q3 ;
; 0.258  ; 0.446        ; 0.188          ; Low Pulse Width  ; clock ; Rise       ; twoBCDcounters:dispA|counter0to9:u1|q1 ;
; 0.258  ; 0.446        ; 0.188          ; Low Pulse Width  ; clock ; Rise       ; twoBCDcounters:dispA|counter0to9:u1|q2 ;
; 0.258  ; 0.446        ; 0.188          ; Low Pulse Width  ; clock ; Rise       ; twoBCDcounters:dispB|counter0to9:u0|q0 ;
; 0.258  ; 0.446        ; 0.188          ; Low Pulse Width  ; clock ; Rise       ; twoBCDcounters:dispB|counter0to9:u0|q1 ;
; 0.258  ; 0.446        ; 0.188          ; Low Pulse Width  ; clock ; Rise       ; twoBCDcounters:dispB|counter0to9:u0|q2 ;
; 0.258  ; 0.446        ; 0.188          ; Low Pulse Width  ; clock ; Rise       ; twoBCDcounters:dispB|counter0to9:u0|q3 ;
; 0.258  ; 0.446        ; 0.188          ; Low Pulse Width  ; clock ; Rise       ; twoBCDcounters:dispB|counter0to9:u1|q0 ;
; 0.258  ; 0.446        ; 0.188          ; Low Pulse Width  ; clock ; Rise       ; twoBCDcounters:dispB|counter0to9:u1|q1 ;
; 0.258  ; 0.446        ; 0.188          ; Low Pulse Width  ; clock ; Rise       ; twoBCDcounters:dispB|counter0to9:u1|q2 ;
; 0.258  ; 0.446        ; 0.188          ; Low Pulse Width  ; clock ; Rise       ; twoBCDcounters:dispB|counter0to9:u1|q3 ;
; 0.259  ; 0.447        ; 0.188          ; Low Pulse Width  ; clock ; Rise       ; twoBCDcounters:dispA|counter0to9:u1|q0 ;
; 0.259  ; 0.447        ; 0.188          ; Low Pulse Width  ; clock ; Rise       ; twoBCDcounters:dispA|counter0to9:u1|q3 ;
; 0.260  ; 0.448        ; 0.188          ; Low Pulse Width  ; clock ; Rise       ; singlepulse2:sp2|q0                    ;
; 0.332  ; 0.552        ; 0.220          ; High Pulse Width ; clock ; Rise       ; singlepulse2:sp2|q0                    ;
; 0.332  ; 0.552        ; 0.220          ; High Pulse Width ; clock ; Rise       ; twoBCDcounters:dispA|counter0to9:u1|q0 ;
; 0.332  ; 0.552        ; 0.220          ; High Pulse Width ; clock ; Rise       ; twoBCDcounters:dispA|counter0to9:u1|q3 ;
; 0.332  ; 0.552        ; 0.220          ; High Pulse Width ; clock ; Rise       ; twoBCDcounters:dispB|counter0to9:u0|q0 ;
; 0.333  ; 0.553        ; 0.220          ; High Pulse Width ; clock ; Rise       ; singlepulse2:sp2|q1                    ;
; 0.333  ; 0.553        ; 0.220          ; High Pulse Width ; clock ; Rise       ; singlepulse2:sp2|q2                    ;
; 0.333  ; 0.553        ; 0.220          ; High Pulse Width ; clock ; Rise       ; singlepulse2:sp2|q3                    ;
; 0.333  ; 0.553        ; 0.220          ; High Pulse Width ; clock ; Rise       ; singlepulse:sp1|q2                     ;
; 0.333  ; 0.553        ; 0.220          ; High Pulse Width ; clock ; Rise       ; singlepulse:sp1|q3                     ;
; 0.333  ; 0.553        ; 0.220          ; High Pulse Width ; clock ; Rise       ; twoBCDcounters:dispA|counter0to9:u0|q0 ;
; 0.333  ; 0.553        ; 0.220          ; High Pulse Width ; clock ; Rise       ; twoBCDcounters:dispA|counter0to9:u0|q1 ;
; 0.333  ; 0.553        ; 0.220          ; High Pulse Width ; clock ; Rise       ; twoBCDcounters:dispA|counter0to9:u0|q2 ;
; 0.333  ; 0.553        ; 0.220          ; High Pulse Width ; clock ; Rise       ; twoBCDcounters:dispA|counter0to9:u0|q3 ;
; 0.333  ; 0.553        ; 0.220          ; High Pulse Width ; clock ; Rise       ; twoBCDcounters:dispA|counter0to9:u1|q1 ;
; 0.333  ; 0.553        ; 0.220          ; High Pulse Width ; clock ; Rise       ; twoBCDcounters:dispA|counter0to9:u1|q2 ;
; 0.333  ; 0.553        ; 0.220          ; High Pulse Width ; clock ; Rise       ; twoBCDcounters:dispB|counter0to9:u0|q1 ;
; 0.333  ; 0.553        ; 0.220          ; High Pulse Width ; clock ; Rise       ; twoBCDcounters:dispB|counter0to9:u0|q2 ;
; 0.333  ; 0.553        ; 0.220          ; High Pulse Width ; clock ; Rise       ; twoBCDcounters:dispB|counter0to9:u0|q3 ;
; 0.333  ; 0.553        ; 0.220          ; High Pulse Width ; clock ; Rise       ; twoBCDcounters:dispB|counter0to9:u1|q0 ;
; 0.333  ; 0.553        ; 0.220          ; High Pulse Width ; clock ; Rise       ; twoBCDcounters:dispB|counter0to9:u1|q1 ;
; 0.333  ; 0.553        ; 0.220          ; High Pulse Width ; clock ; Rise       ; twoBCDcounters:dispB|counter0to9:u1|q2 ;
; 0.333  ; 0.553        ; 0.220          ; High Pulse Width ; clock ; Rise       ; twoBCDcounters:dispB|counter0to9:u1|q3 ;
; 0.339  ; 0.559        ; 0.220          ; High Pulse Width ; clock ; Rise       ; singlepulse:sp1|q1                     ;
; 0.394  ; 0.394        ; 0.000          ; Low Pulse Width  ; clock ; Rise       ; clock~input|o                          ;
; 0.405  ; 0.405        ; 0.000          ; Low Pulse Width  ; clock ; Rise       ; sp1|q1|clk                             ;
; 0.408  ; 0.408        ; 0.000          ; Low Pulse Width  ; clock ; Rise       ; clock~inputclkctrl|inclk[0]            ;
; 0.408  ; 0.408        ; 0.000          ; Low Pulse Width  ; clock ; Rise       ; clock~inputclkctrl|outclk              ;
; 0.411  ; 0.411        ; 0.000          ; Low Pulse Width  ; clock ; Rise       ; dispA|u0|q0|clk                        ;
; 0.411  ; 0.411        ; 0.000          ; Low Pulse Width  ; clock ; Rise       ; dispA|u0|q1|clk                        ;
; 0.411  ; 0.411        ; 0.000          ; Low Pulse Width  ; clock ; Rise       ; dispA|u0|q2|clk                        ;
; 0.411  ; 0.411        ; 0.000          ; Low Pulse Width  ; clock ; Rise       ; dispA|u0|q3|clk                        ;
; 0.411  ; 0.411        ; 0.000          ; Low Pulse Width  ; clock ; Rise       ; dispA|u1|q1|clk                        ;
; 0.411  ; 0.411        ; 0.000          ; Low Pulse Width  ; clock ; Rise       ; dispA|u1|q2|clk                        ;
; 0.411  ; 0.411        ; 0.000          ; Low Pulse Width  ; clock ; Rise       ; dispB|u0|q0|clk                        ;
; 0.411  ; 0.411        ; 0.000          ; Low Pulse Width  ; clock ; Rise       ; dispB|u0|q1|clk                        ;
; 0.411  ; 0.411        ; 0.000          ; Low Pulse Width  ; clock ; Rise       ; dispB|u0|q2|clk                        ;
; 0.411  ; 0.411        ; 0.000          ; Low Pulse Width  ; clock ; Rise       ; dispB|u0|q3|clk                        ;
; 0.411  ; 0.411        ; 0.000          ; Low Pulse Width  ; clock ; Rise       ; dispB|u1|q0|clk                        ;
; 0.411  ; 0.411        ; 0.000          ; Low Pulse Width  ; clock ; Rise       ; dispB|u1|q1|clk                        ;
; 0.411  ; 0.411        ; 0.000          ; Low Pulse Width  ; clock ; Rise       ; dispB|u1|q2|clk                        ;
; 0.411  ; 0.411        ; 0.000          ; Low Pulse Width  ; clock ; Rise       ; dispB|u1|q3|clk                        ;
; 0.411  ; 0.411        ; 0.000          ; Low Pulse Width  ; clock ; Rise       ; sp1|q2|clk                             ;
; 0.411  ; 0.411        ; 0.000          ; Low Pulse Width  ; clock ; Rise       ; sp1|q3|clk                             ;
; 0.411  ; 0.411        ; 0.000          ; Low Pulse Width  ; clock ; Rise       ; sp2|q1|clk                             ;
; 0.411  ; 0.411        ; 0.000          ; Low Pulse Width  ; clock ; Rise       ; sp2|q2|clk                             ;
; 0.411  ; 0.411        ; 0.000          ; Low Pulse Width  ; clock ; Rise       ; sp2|q3|clk                             ;
; 0.412  ; 0.412        ; 0.000          ; Low Pulse Width  ; clock ; Rise       ; dispA|u1|q0|clk                        ;
; 0.412  ; 0.412        ; 0.000          ; Low Pulse Width  ; clock ; Rise       ; dispA|u1|q3|clk                        ;
; 0.412  ; 0.412        ; 0.000          ; Low Pulse Width  ; clock ; Rise       ; sp2|q0|clk                             ;
; 0.500  ; 0.500        ; 0.000          ; High Pulse Width ; clock ; Rise       ; clock~input|i                          ;
; 0.500  ; 0.500        ; 0.000          ; Low Pulse Width  ; clock ; Rise       ; clock~input|i                          ;
; 0.587  ; 0.587        ; 0.000          ; High Pulse Width ; clock ; Rise       ; sp2|q0|clk                             ;
; 0.588  ; 0.588        ; 0.000          ; High Pulse Width ; clock ; Rise       ; dispA|u1|q0|clk                        ;
+--------+--------------+----------------+------------------+-------+------------+----------------------------------------+


+-----------------------------------------------------------------------+
; Setup Times                                                           ;
+-----------+------------+-------+-------+------------+-----------------+
; Data Port ; Clock Port ; Rise  ; Fall  ; Clock Edge ; Clock Reference ;
+-----------+------------+-------+-------+------------+-----------------+
; ab        ; clock      ; 3.266 ; 3.672 ; Rise       ; clock           ;
; clear     ; clock      ; 4.088 ; 4.542 ; Rise       ; clock           ;
; pb1       ; clock      ; 4.591 ; 4.820 ; Rise       ; clock           ;
; pb2       ; clock      ; 5.506 ; 5.971 ; Rise       ; clock           ;
+-----------+------------+-------+-------+------------+-----------------+


+-------------------------------------------------------------------------+
; Hold Times                                                              ;
+-----------+------------+--------+--------+------------+-----------------+
; Data Port ; Clock Port ; Rise   ; Fall   ; Clock Edge ; Clock Reference ;
+-----------+------------+--------+--------+------------+-----------------+
; ab        ; clock      ; -2.077 ; -2.436 ; Rise       ; clock           ;
; clear     ; clock      ; -2.160 ; -2.591 ; Rise       ; clock           ;
; pb1       ; clock      ; -3.993 ; -4.215 ; Rise       ; clock           ;
; pb2       ; clock      ; -4.873 ; -5.320 ; Rise       ; clock           ;
+-----------+------------+--------+--------+------------+-----------------+


+-------------------------------------------------------------------------+
; Clock to Output Times                                                   ;
+-----------+------------+--------+--------+------------+-----------------+
; Data Port ; Clock Port ; Rise   ; Fall   ; Clock Edge ; Clock Reference ;
+-----------+------------+--------+--------+------------+-----------------+
; DAt[*]    ; clock      ; 9.215  ; 9.071  ; Rise       ; clock           ;
;  DAt[0]   ; clock      ; 8.264  ; 8.158  ; Rise       ; clock           ;
;  DAt[1]   ; clock      ; 8.447  ; 8.364  ; Rise       ; clock           ;
;  DAt[2]   ; clock      ; 9.033  ; 8.869  ; Rise       ; clock           ;
;  DAt[3]   ; clock      ; 8.848  ; 8.763  ; Rise       ; clock           ;
;  DAt[4]   ; clock      ; 8.600  ; 8.536  ; Rise       ; clock           ;
;  DAt[5]   ; clock      ; 8.560  ; 8.437  ; Rise       ; clock           ;
;  DAt[6]   ; clock      ; 9.215  ; 9.071  ; Rise       ; clock           ;
; DAu[*]    ; clock      ; 10.104 ; 10.136 ; Rise       ; clock           ;
;  DAu[0]   ; clock      ; 8.628  ; 8.572  ; Rise       ; clock           ;
;  DAu[1]   ; clock      ; 8.730  ; 8.586  ; Rise       ; clock           ;
;  DAu[2]   ; clock      ; 8.800  ; 8.634  ; Rise       ; clock           ;
;  DAu[3]   ; clock      ; 8.375  ; 8.328  ; Rise       ; clock           ;
;  DAu[4]   ; clock      ; 8.525  ; 8.461  ; Rise       ; clock           ;
;  DAu[5]   ; clock      ; 10.104 ; 10.136 ; Rise       ; clock           ;
;  DAu[6]   ; clock      ; 8.287  ; 8.161  ; Rise       ; clock           ;
; DBt[*]    ; clock      ; 9.696  ; 9.695  ; Rise       ; clock           ;
;  DBt[0]   ; clock      ; 8.390  ; 8.233  ; Rise       ; clock           ;
;  DBt[1]   ; clock      ; 9.696  ; 9.695  ; Rise       ; clock           ;
;  DBt[2]   ; clock      ; 8.732  ; 8.588  ; Rise       ; clock           ;
;  DBt[3]   ; clock      ; 8.299  ; 8.199  ; Rise       ; clock           ;
;  DBt[4]   ; clock      ; 8.223  ; 8.176  ; Rise       ; clock           ;
;  DBt[5]   ; clock      ; 8.095  ; 8.021  ; Rise       ; clock           ;
;  DBt[6]   ; clock      ; 8.739  ; 8.623  ; Rise       ; clock           ;
; DBu[*]    ; clock      ; 8.636  ; 8.534  ; Rise       ; clock           ;
;  DBu[0]   ; clock      ; 8.636  ; 8.534  ; Rise       ; clock           ;
;  DBu[1]   ; clock      ; 8.319  ; 8.329  ; Rise       ; clock           ;
;  DBu[2]   ; clock      ; 8.357  ; 8.208  ; Rise       ; clock           ;
;  DBu[3]   ; clock      ; 8.382  ; 8.230  ; Rise       ; clock           ;
;  DBu[4]   ; clock      ; 7.713  ; 7.585  ; Rise       ; clock           ;
;  DBu[5]   ; clock      ; 7.685  ; 7.667  ; Rise       ; clock           ;
;  DBu[6]   ; clock      ; 7.941  ; 7.805  ; Rise       ; clock           ;
+-----------+------------+--------+--------+------------+-----------------+


+-----------------------------------------------------------------------+
; Minimum Clock to Output Times                                         ;
+-----------+------------+-------+-------+------------+-----------------+
; Data Port ; Clock Port ; Rise  ; Fall  ; Clock Edge ; Clock Reference ;
+-----------+------------+-------+-------+------------+-----------------+
; DAt[*]    ; clock      ; 7.168 ; 7.056 ; Rise       ; clock           ;
;  DAt[0]   ; clock      ; 7.168 ; 7.056 ; Rise       ; clock           ;
;  DAt[1]   ; clock      ; 7.400 ; 7.360 ; Rise       ; clock           ;
;  DAt[2]   ; clock      ; 7.910 ; 7.824 ; Rise       ; clock           ;
;  DAt[3]   ; clock      ; 7.748 ; 7.672 ; Rise       ; clock           ;
;  DAt[4]   ; clock      ; 7.673 ; 7.452 ; Rise       ; clock           ;
;  DAt[5]   ; clock      ; 7.565 ; 7.334 ; Rise       ; clock           ;
;  DAt[6]   ; clock      ; 8.096 ; 7.993 ; Rise       ; clock           ;
; DAu[*]    ; clock      ; 7.404 ; 7.302 ; Rise       ; clock           ;
;  DAu[0]   ; clock      ; 7.734 ; 7.648 ; Rise       ; clock           ;
;  DAu[1]   ; clock      ; 7.845 ; 7.777 ; Rise       ; clock           ;
;  DAu[2]   ; clock      ; 7.861 ; 7.734 ; Rise       ; clock           ;
;  DAu[3]   ; clock      ; 7.930 ; 7.875 ; Rise       ; clock           ;
;  DAu[4]   ; clock      ; 8.101 ; 8.077 ; Rise       ; clock           ;
;  DAu[5]   ; clock      ; 9.302 ; 9.210 ; Rise       ; clock           ;
;  DAu[6]   ; clock      ; 7.404 ; 7.302 ; Rise       ; clock           ;
; DBt[*]    ; clock      ; 7.586 ; 7.485 ; Rise       ; clock           ;
;  DBt[0]   ; clock      ; 7.812 ; 7.673 ; Rise       ; clock           ;
;  DBt[1]   ; clock      ; 9.185 ; 9.146 ; Rise       ; clock           ;
;  DBt[2]   ; clock      ; 8.172 ; 8.092 ; Rise       ; clock           ;
;  DBt[3]   ; clock      ; 7.620 ; 7.494 ; Rise       ; clock           ;
;  DBt[4]   ; clock      ; 7.699 ; 7.541 ; Rise       ; clock           ;
;  DBt[5]   ; clock      ; 7.586 ; 7.485 ; Rise       ; clock           ;
;  DBt[6]   ; clock      ; 7.839 ; 7.747 ; Rise       ; clock           ;
; DBu[*]    ; clock      ; 6.938 ; 6.921 ; Rise       ; clock           ;
;  DBu[0]   ; clock      ; 7.856 ; 7.669 ; Rise       ; clock           ;
;  DBu[1]   ; clock      ; 7.553 ; 7.473 ; Rise       ; clock           ;
;  DBu[2]   ; clock      ; 7.504 ; 7.436 ; Rise       ; clock           ;
;  DBu[3]   ; clock      ; 7.734 ; 7.645 ; Rise       ; clock           ;
;  DBu[4]   ; clock      ; 7.139 ; 7.160 ; Rise       ; clock           ;
;  DBu[5]   ; clock      ; 6.938 ; 6.921 ; Rise       ; clock           ;
;  DBu[6]   ; clock      ; 7.135 ; 7.104 ; Rise       ; clock           ;
+-----------+------------+-------+-------+------------+-----------------+


----------------------------------------------
; Slow 1200mV 85C Model Metastability Report ;
----------------------------------------------
No synchronizer chains to report.


+-----------------------------------------------------------------------------------------------------------+
; Slow 1200mV 0C Model Fmax Summary                                                                         ;
+------------+-----------------+------------+---------------------------------------------------------------+
; Fmax       ; Restricted Fmax ; Clock Name ; Note                                                          ;
+------------+-----------------+------------+---------------------------------------------------------------+
; 417.71 MHz ; 250.0 MHz       ; clock      ; limit due to minimum period restriction (max I/O toggle rate) ;
+------------+-----------------+------------+---------------------------------------------------------------+
This panel reports FMAX for every clock in the design, regardless of the user-specified clock periods.  FMAX is only computed for paths where the source and destination registers or ports are driven by the same clock.  Paths of different clocks, including generated clocks, are ignored.  For paths between a clock and its inversion, FMAX is computed as if the rising and falling edges are scaled along with FMAX, such that the duty cycle (in terms of a percentage) is maintained. Altera recommends that you always use clock constraints and other slack reports for sign-off analysis.


+------------------------------------+
; Slow 1200mV 0C Model Setup Summary ;
+-------+--------+-------------------+
; Clock ; Slack  ; End Point TNS     ;
+-------+--------+-------------------+
; clock ; -1.394 ; -21.390           ;
+-------+--------+-------------------+


+-----------------------------------+
; Slow 1200mV 0C Model Hold Summary ;
+-------+-------+-------------------+
; Clock ; Slack ; End Point TNS     ;
+-------+-------+-------------------+
; clock ; 0.338 ; 0.000             ;
+-------+-------+-------------------+


-----------------------------------------
; Slow 1200mV 0C Model Recovery Summary ;
-----------------------------------------
No paths to report.


----------------------------------------
; Slow 1200mV 0C Model Removal Summary ;
----------------------------------------
No paths to report.


+--------------------------------------------------+
; Slow 1200mV 0C Model Minimum Pulse Width Summary ;
+-------+--------+---------------------------------+
; Clock ; Slack  ; End Point TNS                   ;
+-------+--------+---------------------------------+
; clock ; -3.000 ; -32.555                         ;
+-------+--------+---------------------------------+


+----------------------------------------------------------------------------------------------------------------------------------------------------------------+
; Slow 1200mV 0C Model Setup: 'clock'                                                                                                                            ;
+--------+----------------------------------------+----------------------------------------+--------------+-------------+--------------+------------+------------+
; Slack  ; From Node                              ; To Node                                ; Launch Clock ; Latch Clock ; Relationship ; Clock Skew ; Data Delay ;
+--------+----------------------------------------+----------------------------------------+--------------+-------------+--------------+------------+------------+
; -1.394 ; singlepulse:sp1|q2                     ; twoBCDcounters:dispA|counter0to9:u1|q1 ; clock        ; clock       ; 1.000        ; -0.056     ; 2.337      ;
; -1.390 ; singlepulse:sp1|q2                     ; twoBCDcounters:dispA|counter0to9:u1|q2 ; clock        ; clock       ; 1.000        ; -0.056     ; 2.333      ;
; -1.372 ; singlepulse2:sp2|q3                    ; twoBCDcounters:dispA|counter0to9:u1|q1 ; clock        ; clock       ; 1.000        ; -0.056     ; 2.315      ;
; -1.369 ; singlepulse2:sp2|q3                    ; twoBCDcounters:dispA|counter0to9:u1|q2 ; clock        ; clock       ; 1.000        ; -0.056     ; 2.312      ;
; -1.351 ; twoBCDcounters:dispB|counter0to9:u0|q2 ; twoBCDcounters:dispB|counter0to9:u0|q1 ; clock        ; clock       ; 1.000        ; -0.072     ; 2.278      ;
; -1.342 ; singlepulse:sp1|q2                     ; twoBCDcounters:dispB|counter0to9:u0|q3 ; clock        ; clock       ; 1.000        ; -0.075     ; 2.266      ;
; -1.340 ; singlepulse:sp1|q2                     ; twoBCDcounters:dispB|counter0to9:u0|q2 ; clock        ; clock       ; 1.000        ; -0.075     ; 2.264      ;
; -1.340 ; twoBCDcounters:dispA|counter0to9:u1|q3 ; twoBCDcounters:dispA|counter0to9:u1|q1 ; clock        ; clock       ; 1.000        ; -0.467     ; 1.872      ;
; -1.334 ; twoBCDcounters:dispA|counter0to9:u1|q3 ; twoBCDcounters:dispA|counter0to9:u1|q2 ; clock        ; clock       ; 1.000        ; -0.467     ; 1.866      ;
; -1.259 ; twoBCDcounters:dispB|counter0to9:u0|q3 ; twoBCDcounters:dispB|counter0to9:u0|q1 ; clock        ; clock       ; 1.000        ; -0.072     ; 2.186      ;
; -1.248 ; singlepulse:sp1|q2                     ; twoBCDcounters:dispB|counter0to9:u0|q1 ; clock        ; clock       ; 1.000        ; -0.075     ; 2.172      ;
; -1.242 ; singlepulse:sp1|q2                     ; twoBCDcounters:dispB|counter0to9:u0|q0 ; clock        ; clock       ; 1.000        ; -0.077     ; 2.164      ;
; -1.232 ; singlepulse2:sp2|q1                    ; twoBCDcounters:dispA|counter0to9:u1|q1 ; clock        ; clock       ; 1.000        ; -0.056     ; 2.175      ;
; -1.230 ; twoBCDcounters:dispA|counter0to9:u1|q0 ; twoBCDcounters:dispA|counter0to9:u1|q1 ; clock        ; clock       ; 1.000        ; -0.467     ; 1.762      ;
; -1.229 ; singlepulse2:sp2|q1                    ; twoBCDcounters:dispA|counter0to9:u1|q2 ; clock        ; clock       ; 1.000        ; -0.056     ; 2.172      ;
; -1.224 ; twoBCDcounters:dispA|counter0to9:u1|q0 ; twoBCDcounters:dispA|counter0to9:u1|q2 ; clock        ; clock       ; 1.000        ; -0.467     ; 1.756      ;
; -1.220 ; singlepulse:sp1|q2                     ; twoBCDcounters:dispB|counter0to9:u1|q1 ; clock        ; clock       ; 1.000        ; -0.072     ; 2.147      ;
; -1.203 ; singlepulse:sp1|q2                     ; twoBCDcounters:dispB|counter0to9:u1|q2 ; clock        ; clock       ; 1.000        ; -0.072     ; 2.130      ;
; -1.202 ; singlepulse2:sp2|q3                    ; twoBCDcounters:dispB|counter0to9:u1|q1 ; clock        ; clock       ; 1.000        ; -0.072     ; 2.129      ;
; -1.197 ; twoBCDcounters:dispB|counter0to9:u0|q0 ; twoBCDcounters:dispB|counter0to9:u0|q1 ; clock        ; clock       ; 1.000        ; -0.070     ; 2.126      ;
; -1.185 ; singlepulse2:sp2|q3                    ; twoBCDcounters:dispB|counter0to9:u1|q2 ; clock        ; clock       ; 1.000        ; -0.072     ; 2.112      ;
; -1.181 ; twoBCDcounters:dispA|counter0to9:u0|q0 ; twoBCDcounters:dispA|counter0to9:u0|q1 ; clock        ; clock       ; 1.000        ; -0.072     ; 2.108      ;
; -1.180 ; twoBCDcounters:dispA|counter0to9:u0|q0 ; twoBCDcounters:dispA|counter0to9:u0|q2 ; clock        ; clock       ; 1.000        ; -0.072     ; 2.107      ;
; -1.176 ; twoBCDcounters:dispA|counter0to9:u0|q0 ; twoBCDcounters:dispA|counter0to9:u0|q3 ; clock        ; clock       ; 1.000        ; -0.072     ; 2.103      ;
; -1.176 ; twoBCDcounters:dispB|counter0to9:u0|q1 ; twoBCDcounters:dispB|counter0to9:u0|q1 ; clock        ; clock       ; 1.000        ; -0.072     ; 2.103      ;
; -1.171 ; twoBCDcounters:dispA|counter0to9:u0|q1 ; twoBCDcounters:dispA|counter0to9:u0|q1 ; clock        ; clock       ; 1.000        ; -0.072     ; 2.098      ;
; -1.170 ; twoBCDcounters:dispA|counter0to9:u0|q1 ; twoBCDcounters:dispA|counter0to9:u0|q2 ; clock        ; clock       ; 1.000        ; -0.072     ; 2.097      ;
; -1.167 ; twoBCDcounters:dispA|counter0to9:u0|q1 ; twoBCDcounters:dispA|counter0to9:u0|q3 ; clock        ; clock       ; 1.000        ; -0.072     ; 2.094      ;
; -1.159 ; singlepulse:sp1|q2                     ; twoBCDcounters:dispB|counter0to9:u1|q3 ; clock        ; clock       ; 1.000        ; -0.075     ; 2.083      ;
; -1.155 ; singlepulse:sp1|q2                     ; twoBCDcounters:dispB|counter0to9:u1|q0 ; clock        ; clock       ; 1.000        ; -0.075     ; 2.079      ;
; -1.141 ; singlepulse2:sp2|q3                    ; twoBCDcounters:dispB|counter0to9:u1|q3 ; clock        ; clock       ; 1.000        ; -0.075     ; 2.065      ;
; -1.137 ; singlepulse2:sp2|q3                    ; twoBCDcounters:dispB|counter0to9:u1|q0 ; clock        ; clock       ; 1.000        ; -0.075     ; 2.061      ;
; -1.131 ; singlepulse:sp1|q2                     ; twoBCDcounters:dispA|counter0to9:u0|q1 ; clock        ; clock       ; 1.000        ; -0.072     ; 2.058      ;
; -1.130 ; singlepulse:sp1|q2                     ; twoBCDcounters:dispA|counter0to9:u0|q0 ; clock        ; clock       ; 1.000        ; -0.072     ; 2.057      ;
; -1.130 ; singlepulse:sp1|q2                     ; twoBCDcounters:dispA|counter0to9:u0|q2 ; clock        ; clock       ; 1.000        ; -0.072     ; 2.057      ;
; -1.126 ; singlepulse:sp1|q2                     ; twoBCDcounters:dispA|counter0to9:u0|q3 ; clock        ; clock       ; 1.000        ; -0.072     ; 2.053      ;
; -1.113 ; singlepulse2:sp2|q3                    ; twoBCDcounters:dispA|counter0to9:u0|q1 ; clock        ; clock       ; 1.000        ; -0.072     ; 2.040      ;
; -1.112 ; twoBCDcounters:dispA|counter0to9:u1|q1 ; twoBCDcounters:dispA|counter0to9:u1|q1 ; clock        ; clock       ; 1.000        ; -0.073     ; 2.038      ;
; -1.112 ; singlepulse2:sp2|q3                    ; twoBCDcounters:dispA|counter0to9:u0|q0 ; clock        ; clock       ; 1.000        ; -0.072     ; 2.039      ;
; -1.112 ; singlepulse2:sp2|q3                    ; twoBCDcounters:dispA|counter0to9:u0|q2 ; clock        ; clock       ; 1.000        ; -0.072     ; 2.039      ;
; -1.108 ; twoBCDcounters:dispA|counter0to9:u1|q2 ; twoBCDcounters:dispA|counter0to9:u1|q1 ; clock        ; clock       ; 1.000        ; -0.073     ; 2.034      ;
; -1.108 ; singlepulse2:sp2|q3                    ; twoBCDcounters:dispA|counter0to9:u0|q3 ; clock        ; clock       ; 1.000        ; -0.072     ; 2.035      ;
; -1.107 ; singlepulse:sp1|q3                     ; twoBCDcounters:dispA|counter0to9:u1|q1 ; clock        ; clock       ; 1.000        ; -0.056     ; 2.050      ;
; -1.106 ; twoBCDcounters:dispA|counter0to9:u1|q1 ; twoBCDcounters:dispA|counter0to9:u1|q2 ; clock        ; clock       ; 1.000        ; -0.073     ; 2.032      ;
; -1.104 ; singlepulse:sp1|q3                     ; twoBCDcounters:dispA|counter0to9:u1|q2 ; clock        ; clock       ; 1.000        ; -0.056     ; 2.047      ;
; -1.102 ; twoBCDcounters:dispA|counter0to9:u1|q2 ; twoBCDcounters:dispA|counter0to9:u1|q2 ; clock        ; clock       ; 1.000        ; -0.073     ; 2.028      ;
; -1.095 ; twoBCDcounters:dispB|counter0to9:u0|q2 ; twoBCDcounters:dispB|counter0to9:u0|q3 ; clock        ; clock       ; 1.000        ; -0.072     ; 2.022      ;
; -1.093 ; twoBCDcounters:dispB|counter0to9:u0|q2 ; twoBCDcounters:dispB|counter0to9:u0|q2 ; clock        ; clock       ; 1.000        ; -0.072     ; 2.020      ;
; -1.063 ; twoBCDcounters:dispA|counter0to9:u0|q2 ; twoBCDcounters:dispA|counter0to9:u0|q1 ; clock        ; clock       ; 1.000        ; -0.072     ; 1.990      ;
; -1.063 ; twoBCDcounters:dispB|counter0to9:u1|q2 ; twoBCDcounters:dispB|counter0to9:u1|q3 ; clock        ; clock       ; 1.000        ; -0.075     ; 1.987      ;
; -1.062 ; singlepulse2:sp2|q1                    ; twoBCDcounters:dispB|counter0to9:u1|q1 ; clock        ; clock       ; 1.000        ; -0.072     ; 1.989      ;
; -1.062 ; twoBCDcounters:dispA|counter0to9:u0|q2 ; twoBCDcounters:dispA|counter0to9:u0|q2 ; clock        ; clock       ; 1.000        ; -0.072     ; 1.989      ;
; -1.058 ; twoBCDcounters:dispA|counter0to9:u0|q2 ; twoBCDcounters:dispA|counter0to9:u0|q3 ; clock        ; clock       ; 1.000        ; -0.072     ; 1.985      ;
; -1.045 ; singlepulse:sp1|q3                     ; twoBCDcounters:dispB|counter0to9:u0|q3 ; clock        ; clock       ; 1.000        ; -0.075     ; 1.969      ;
; -1.045 ; singlepulse2:sp2|q1                    ; twoBCDcounters:dispB|counter0to9:u1|q2 ; clock        ; clock       ; 1.000        ; -0.072     ; 1.972      ;
; -1.043 ; singlepulse:sp1|q3                     ; twoBCDcounters:dispB|counter0to9:u0|q2 ; clock        ; clock       ; 1.000        ; -0.075     ; 1.967      ;
; -1.032 ; twoBCDcounters:dispB|counter0to9:u1|q0 ; twoBCDcounters:dispB|counter0to9:u1|q3 ; clock        ; clock       ; 1.000        ; -0.072     ; 1.959      ;
; -1.016 ; singlepulse:sp1|q2                     ; twoBCDcounters:dispA|counter0to9:u1|q3 ; clock        ; clock       ; 1.000        ; 0.323      ; 2.338      ;
; -1.014 ; singlepulse:sp1|q2                     ; twoBCDcounters:dispA|counter0to9:u1|q0 ; clock        ; clock       ; 1.000        ; 0.323      ; 2.336      ;
; -1.011 ; twoBCDcounters:dispB|counter0to9:u0|q3 ; twoBCDcounters:dispB|counter0to9:u1|q1 ; clock        ; clock       ; 1.000        ; -0.069     ; 1.941      ;
; -1.003 ; twoBCDcounters:dispB|counter0to9:u0|q3 ; twoBCDcounters:dispB|counter0to9:u0|q3 ; clock        ; clock       ; 1.000        ; -0.072     ; 1.930      ;
; -1.001 ; singlepulse2:sp2|q1                    ; twoBCDcounters:dispB|counter0to9:u1|q3 ; clock        ; clock       ; 1.000        ; -0.075     ; 1.925      ;
; -1.001 ; twoBCDcounters:dispB|counter0to9:u0|q3 ; twoBCDcounters:dispB|counter0to9:u0|q2 ; clock        ; clock       ; 1.000        ; -0.072     ; 1.928      ;
; -0.997 ; singlepulse2:sp2|q1                    ; twoBCDcounters:dispB|counter0to9:u1|q0 ; clock        ; clock       ; 1.000        ; -0.075     ; 1.921      ;
; -0.997 ; twoBCDcounters:dispB|counter0to9:u1|q3 ; twoBCDcounters:dispB|counter0to9:u1|q3 ; clock        ; clock       ; 1.000        ; -0.072     ; 1.924      ;
; -0.994 ; twoBCDcounters:dispB|counter0to9:u0|q3 ; twoBCDcounters:dispB|counter0to9:u1|q2 ; clock        ; clock       ; 1.000        ; -0.069     ; 1.924      ;
; -0.994 ; singlepulse2:sp2|q3                    ; twoBCDcounters:dispA|counter0to9:u1|q3 ; clock        ; clock       ; 1.000        ; 0.323      ; 2.316      ;
; -0.992 ; singlepulse2:sp2|q3                    ; twoBCDcounters:dispA|counter0to9:u1|q0 ; clock        ; clock       ; 1.000        ; 0.323      ; 2.314      ;
; -0.980 ; singlepulse:sp1|q3                     ; twoBCDcounters:dispB|counter0to9:u0|q1 ; clock        ; clock       ; 1.000        ; -0.075     ; 1.904      ;
; -0.974 ; singlepulse:sp1|q3                     ; twoBCDcounters:dispB|counter0to9:u0|q0 ; clock        ; clock       ; 1.000        ; -0.077     ; 1.896      ;
; -0.973 ; singlepulse2:sp2|q1                    ; twoBCDcounters:dispA|counter0to9:u0|q1 ; clock        ; clock       ; 1.000        ; -0.072     ; 1.900      ;
; -0.972 ; singlepulse2:sp2|q1                    ; twoBCDcounters:dispA|counter0to9:u0|q0 ; clock        ; clock       ; 1.000        ; -0.072     ; 1.899      ;
; -0.972 ; singlepulse2:sp2|q1                    ; twoBCDcounters:dispA|counter0to9:u0|q2 ; clock        ; clock       ; 1.000        ; -0.072     ; 1.899      ;
; -0.968 ; singlepulse2:sp2|q1                    ; twoBCDcounters:dispA|counter0to9:u0|q3 ; clock        ; clock       ; 1.000        ; -0.072     ; 1.895      ;
; -0.963 ; twoBCDcounters:dispB|counter0to9:u0|q2 ; twoBCDcounters:dispB|counter0to9:u0|q0 ; clock        ; clock       ; 1.000        ; -0.074     ; 1.888      ;
; -0.961 ; twoBCDcounters:dispA|counter0to9:u1|q3 ; twoBCDcounters:dispA|counter0to9:u1|q3 ; clock        ; clock       ; 1.000        ; -0.088     ; 1.872      ;
; -0.953 ; twoBCDcounters:dispB|counter0to9:u1|q2 ; twoBCDcounters:dispB|counter0to9:u1|q1 ; clock        ; clock       ; 1.000        ; -0.072     ; 1.880      ;
; -0.953 ; twoBCDcounters:dispA|counter0to9:u0|q3 ; twoBCDcounters:dispA|counter0to9:u0|q1 ; clock        ; clock       ; 1.000        ; -0.072     ; 1.880      ;
; -0.952 ; twoBCDcounters:dispB|counter0to9:u1|q2 ; twoBCDcounters:dispB|counter0to9:u1|q2 ; clock        ; clock       ; 1.000        ; -0.072     ; 1.879      ;
; -0.952 ; twoBCDcounters:dispA|counter0to9:u0|q3 ; twoBCDcounters:dispA|counter0to9:u0|q2 ; clock        ; clock       ; 1.000        ; -0.072     ; 1.879      ;
; -0.949 ; twoBCDcounters:dispA|counter0to9:u0|q3 ; twoBCDcounters:dispA|counter0to9:u0|q3 ; clock        ; clock       ; 1.000        ; -0.072     ; 1.876      ;
; -0.937 ; singlepulse:sp1|q3                     ; twoBCDcounters:dispB|counter0to9:u1|q1 ; clock        ; clock       ; 1.000        ; -0.072     ; 1.864      ;
; -0.931 ; twoBCDcounters:dispB|counter0to9:u0|q3 ; twoBCDcounters:dispB|counter0to9:u1|q3 ; clock        ; clock       ; 1.000        ; -0.072     ; 1.858      ;
; -0.927 ; twoBCDcounters:dispB|counter0to9:u0|q3 ; twoBCDcounters:dispB|counter0to9:u1|q0 ; clock        ; clock       ; 1.000        ; -0.072     ; 1.854      ;
; -0.927 ; twoBCDcounters:dispB|counter0to9:u1|q1 ; twoBCDcounters:dispB|counter0to9:u1|q3 ; clock        ; clock       ; 1.000        ; -0.075     ; 1.851      ;
; -0.921 ; twoBCDcounters:dispB|counter0to9:u0|q0 ; twoBCDcounters:dispB|counter0to9:u0|q3 ; clock        ; clock       ; 1.000        ; -0.070     ; 1.850      ;
; -0.920 ; singlepulse:sp1|q3                     ; twoBCDcounters:dispB|counter0to9:u1|q2 ; clock        ; clock       ; 1.000        ; -0.072     ; 1.847      ;
; -0.920 ; twoBCDcounters:dispB|counter0to9:u0|q1 ; twoBCDcounters:dispB|counter0to9:u0|q3 ; clock        ; clock       ; 1.000        ; -0.072     ; 1.847      ;
; -0.918 ; twoBCDcounters:dispB|counter0to9:u0|q0 ; twoBCDcounters:dispB|counter0to9:u0|q2 ; clock        ; clock       ; 1.000        ; -0.070     ; 1.847      ;
; -0.918 ; twoBCDcounters:dispB|counter0to9:u0|q1 ; twoBCDcounters:dispB|counter0to9:u0|q2 ; clock        ; clock       ; 1.000        ; -0.072     ; 1.845      ;
; -0.917 ; twoBCDcounters:dispB|counter0to9:u1|q3 ; twoBCDcounters:dispB|counter0to9:u1|q1 ; clock        ; clock       ; 1.000        ; -0.069     ; 1.847      ;
; -0.916 ; twoBCDcounters:dispB|counter0to9:u1|q3 ; twoBCDcounters:dispB|counter0to9:u1|q2 ; clock        ; clock       ; 1.000        ; -0.069     ; 1.846      ;
; -0.904 ; twoBCDcounters:dispB|counter0to9:u0|q0 ; twoBCDcounters:dispB|counter0to9:u1|q1 ; clock        ; clock       ; 1.000        ; -0.067     ; 1.836      ;
; -0.894 ; twoBCDcounters:dispB|counter0to9:u1|q0 ; twoBCDcounters:dispB|counter0to9:u1|q1 ; clock        ; clock       ; 1.000        ; -0.069     ; 1.824      ;
; -0.893 ; twoBCDcounters:dispB|counter0to9:u1|q0 ; twoBCDcounters:dispB|counter0to9:u1|q2 ; clock        ; clock       ; 1.000        ; -0.069     ; 1.823      ;
; -0.887 ; twoBCDcounters:dispB|counter0to9:u0|q0 ; twoBCDcounters:dispB|counter0to9:u1|q2 ; clock        ; clock       ; 1.000        ; -0.067     ; 1.819      ;
; -0.880 ; twoBCDcounters:dispB|counter0to9:u1|q1 ; twoBCDcounters:dispB|counter0to9:u1|q2 ; clock        ; clock       ; 1.000        ; -0.072     ; 1.807      ;
; -0.876 ; singlepulse:sp1|q3                     ; twoBCDcounters:dispB|counter0to9:u1|q3 ; clock        ; clock       ; 1.000        ; -0.075     ; 1.800      ;
; -0.872 ; singlepulse:sp1|q3                     ; twoBCDcounters:dispB|counter0to9:u1|q0 ; clock        ; clock       ; 1.000        ; -0.075     ; 1.796      ;
; -0.863 ; twoBCDcounters:dispB|counter0to9:u0|q3 ; twoBCDcounters:dispB|counter0to9:u0|q0 ; clock        ; clock       ; 1.000        ; -0.074     ; 1.788      ;
+--------+----------------------------------------+----------------------------------------+--------------+-------------+--------------+------------+------------+


+---------------------------------------------------------------------------------------------------------------------------------------------------------------+
; Slow 1200mV 0C Model Hold: 'clock'                                                                                                                            ;
+-------+----------------------------------------+----------------------------------------+--------------+-------------+--------------+------------+------------+
; Slack ; From Node                              ; To Node                                ; Launch Clock ; Latch Clock ; Relationship ; Clock Skew ; Data Delay ;
+-------+----------------------------------------+----------------------------------------+--------------+-------------+--------------+------------+------------+
; 0.338 ; twoBCDcounters:dispA|counter0to9:u1|q3 ; twoBCDcounters:dispA|counter0to9:u1|q3 ; clock        ; clock       ; 0.000        ; 0.088      ; 0.597      ;
; 0.338 ; twoBCDcounters:dispA|counter0to9:u1|q0 ; twoBCDcounters:dispA|counter0to9:u1|q0 ; clock        ; clock       ; 0.000        ; 0.088      ; 0.597      ;
; 0.353 ; twoBCDcounters:dispA|counter0to9:u1|q2 ; twoBCDcounters:dispA|counter0to9:u1|q2 ; clock        ; clock       ; 0.000        ; 0.073      ; 0.597      ;
; 0.353 ; twoBCDcounters:dispA|counter0to9:u1|q1 ; twoBCDcounters:dispA|counter0to9:u1|q1 ; clock        ; clock       ; 0.000        ; 0.073      ; 0.597      ;
; 0.354 ; twoBCDcounters:dispB|counter0to9:u1|q3 ; twoBCDcounters:dispB|counter0to9:u1|q3 ; clock        ; clock       ; 0.000        ; 0.072      ; 0.597      ;
; 0.354 ; twoBCDcounters:dispB|counter0to9:u1|q0 ; twoBCDcounters:dispB|counter0to9:u1|q0 ; clock        ; clock       ; 0.000        ; 0.072      ; 0.597      ;
; 0.354 ; twoBCDcounters:dispB|counter0to9:u1|q1 ; twoBCDcounters:dispB|counter0to9:u1|q1 ; clock        ; clock       ; 0.000        ; 0.072      ; 0.597      ;
; 0.354 ; twoBCDcounters:dispB|counter0to9:u1|q2 ; twoBCDcounters:dispB|counter0to9:u1|q2 ; clock        ; clock       ; 0.000        ; 0.072      ; 0.597      ;
; 0.354 ; twoBCDcounters:dispB|counter0to9:u0|q0 ; twoBCDcounters:dispB|counter0to9:u0|q0 ; clock        ; clock       ; 0.000        ; 0.072      ; 0.597      ;
; 0.354 ; twoBCDcounters:dispB|counter0to9:u0|q1 ; twoBCDcounters:dispB|counter0to9:u0|q1 ; clock        ; clock       ; 0.000        ; 0.072      ; 0.597      ;
; 0.354 ; twoBCDcounters:dispB|counter0to9:u0|q3 ; twoBCDcounters:dispB|counter0to9:u0|q3 ; clock        ; clock       ; 0.000        ; 0.072      ; 0.597      ;
; 0.354 ; twoBCDcounters:dispB|counter0to9:u0|q2 ; twoBCDcounters:dispB|counter0to9:u0|q2 ; clock        ; clock       ; 0.000        ; 0.072      ; 0.597      ;
; 0.354 ; twoBCDcounters:dispA|counter0to9:u0|q0 ; twoBCDcounters:dispA|counter0to9:u0|q0 ; clock        ; clock       ; 0.000        ; 0.072      ; 0.597      ;
; 0.354 ; twoBCDcounters:dispA|counter0to9:u0|q1 ; twoBCDcounters:dispA|counter0to9:u0|q1 ; clock        ; clock       ; 0.000        ; 0.072      ; 0.597      ;
; 0.354 ; twoBCDcounters:dispA|counter0to9:u0|q2 ; twoBCDcounters:dispA|counter0to9:u0|q2 ; clock        ; clock       ; 0.000        ; 0.072      ; 0.597      ;
; 0.354 ; twoBCDcounters:dispA|counter0to9:u0|q3 ; twoBCDcounters:dispA|counter0to9:u0|q3 ; clock        ; clock       ; 0.000        ; 0.072      ; 0.597      ;
; 0.570 ; singlepulse2:sp2|q1                    ; singlepulse2:sp2|q2                    ; clock        ; clock       ; 0.000        ; 0.072      ; 0.813      ;
; 0.681 ; twoBCDcounters:dispA|counter0to9:u1|q1 ; twoBCDcounters:dispA|counter0to9:u1|q3 ; clock        ; clock       ; 0.000        ; 0.467      ; 1.319      ;
; 0.777 ; twoBCDcounters:dispA|counter0to9:u1|q2 ; twoBCDcounters:dispA|counter0to9:u1|q3 ; clock        ; clock       ; 0.000        ; 0.467      ; 1.415      ;
; 0.803 ; twoBCDcounters:dispA|counter0to9:u0|q3 ; twoBCDcounters:dispA|counter0to9:u1|q0 ; clock        ; clock       ; 0.000        ; 0.483      ; 1.457      ;
; 0.804 ; twoBCDcounters:dispA|counter0to9:u0|q3 ; twoBCDcounters:dispA|counter0to9:u1|q3 ; clock        ; clock       ; 0.000        ; 0.483      ; 1.458      ;
; 0.821 ; twoBCDcounters:dispB|counter0to9:u1|q0 ; twoBCDcounters:dispB|counter0to9:u1|q1 ; clock        ; clock       ; 0.000        ; 0.075      ; 1.067      ;
; 0.930 ; singlepulse:sp1|q1                     ; singlepulse:sp1|q2                     ; clock        ; clock       ; 0.000        ; -0.310     ; 0.791      ;
; 0.955 ; twoBCDcounters:dispA|counter0to9:u1|q0 ; twoBCDcounters:dispA|counter0to9:u1|q3 ; clock        ; clock       ; 0.000        ; 0.088      ; 1.214      ;
; 0.959 ; singlepulse:sp1|q2                     ; singlepulse:sp1|q3                     ; clock        ; clock       ; 0.000        ; 0.072      ; 1.202      ;
; 0.959 ; twoBCDcounters:dispA|counter0to9:u0|q3 ; twoBCDcounters:dispA|counter0to9:u0|q0 ; clock        ; clock       ; 0.000        ; 0.072      ; 1.202      ;
; 0.985 ; twoBCDcounters:dispA|counter0to9:u1|q2 ; twoBCDcounters:dispA|counter0to9:u1|q0 ; clock        ; clock       ; 0.000        ; 0.467      ; 1.623      ;
; 0.997 ; twoBCDcounters:dispA|counter0to9:u1|q1 ; twoBCDcounters:dispA|counter0to9:u1|q0 ; clock        ; clock       ; 0.000        ; 0.467      ; 1.635      ;
; 1.030 ; twoBCDcounters:dispB|counter0to9:u0|q0 ; twoBCDcounters:dispB|counter0to9:u0|q1 ; clock        ; clock       ; 0.000        ; 0.074      ; 1.275      ;
; 1.030 ; twoBCDcounters:dispA|counter0to9:u0|q0 ; twoBCDcounters:dispA|counter0to9:u1|q0 ; clock        ; clock       ; 0.000        ; 0.483      ; 1.684      ;
; 1.032 ; twoBCDcounters:dispA|counter0to9:u0|q0 ; twoBCDcounters:dispA|counter0to9:u1|q3 ; clock        ; clock       ; 0.000        ; 0.483      ; 1.686      ;
; 1.057 ; twoBCDcounters:dispA|counter0to9:u0|q2 ; twoBCDcounters:dispA|counter0to9:u0|q0 ; clock        ; clock       ; 0.000        ; 0.072      ; 1.300      ;
; 1.062 ; twoBCDcounters:dispB|counter0to9:u1|q0 ; twoBCDcounters:dispB|counter0to9:u1|q3 ; clock        ; clock       ; 0.000        ; 0.072      ; 1.305      ;
; 1.067 ; twoBCDcounters:dispA|counter0to9:u0|q1 ; twoBCDcounters:dispA|counter0to9:u0|q3 ; clock        ; clock       ; 0.000        ; 0.072      ; 1.310      ;
; 1.116 ; twoBCDcounters:dispB|counter0to9:u1|q1 ; twoBCDcounters:dispB|counter0to9:u1|q3 ; clock        ; clock       ; 0.000        ; 0.069      ; 1.356      ;
; 1.122 ; singlepulse2:sp2|q0                    ; singlepulse2:sp2|q1                    ; clock        ; clock       ; 0.000        ; -0.304     ; 0.989      ;
; 1.138 ; twoBCDcounters:dispB|counter0to9:u1|q1 ; twoBCDcounters:dispB|counter0to9:u1|q0 ; clock        ; clock       ; 0.000        ; 0.069      ; 1.378      ;
; 1.160 ; twoBCDcounters:dispB|counter0to9:u0|q2 ; twoBCDcounters:dispB|counter0to9:u0|q3 ; clock        ; clock       ; 0.000        ; 0.072      ; 1.403      ;
; 1.163 ; twoBCDcounters:dispB|counter0to9:u0|q1 ; twoBCDcounters:dispB|counter0to9:u0|q3 ; clock        ; clock       ; 0.000        ; 0.072      ; 1.406      ;
; 1.163 ; twoBCDcounters:dispB|counter0to9:u0|q1 ; twoBCDcounters:dispB|counter0to9:u0|q2 ; clock        ; clock       ; 0.000        ; 0.072      ; 1.406      ;
; 1.164 ; twoBCDcounters:dispA|counter0to9:u1|q0 ; twoBCDcounters:dispA|counter0to9:u1|q1 ; clock        ; clock       ; 0.000        ; -0.306     ; 1.029      ;
; 1.181 ; twoBCDcounters:dispA|counter0to9:u0|q2 ; twoBCDcounters:dispA|counter0to9:u0|q3 ; clock        ; clock       ; 0.000        ; 0.072      ; 1.424      ;
; 1.181 ; twoBCDcounters:dispB|counter0to9:u1|q3 ; twoBCDcounters:dispB|counter0to9:u1|q0 ; clock        ; clock       ; 0.000        ; 0.072      ; 1.424      ;
; 1.191 ; twoBCDcounters:dispA|counter0to9:u0|q1 ; twoBCDcounters:dispA|counter0to9:u0|q0 ; clock        ; clock       ; 0.000        ; 0.072      ; 1.434      ;
; 1.193 ; twoBCDcounters:dispA|counter0to9:u0|q3 ; twoBCDcounters:dispA|counter0to9:u1|q2 ; clock        ; clock       ; 0.000        ; 0.089      ; 1.453      ;
; 1.194 ; singlepulse:sp1|q3                     ; twoBCDcounters:dispA|counter0to9:u1|q0 ; clock        ; clock       ; 0.000        ; 0.483      ; 1.848      ;
; 1.195 ; singlepulse:sp1|q3                     ; twoBCDcounters:dispA|counter0to9:u1|q3 ; clock        ; clock       ; 0.000        ; 0.483      ; 1.849      ;
; 1.197 ; twoBCDcounters:dispA|counter0to9:u0|q3 ; twoBCDcounters:dispA|counter0to9:u1|q1 ; clock        ; clock       ; 0.000        ; 0.089      ; 1.457      ;
; 1.209 ; twoBCDcounters:dispA|counter0to9:u1|q3 ; twoBCDcounters:dispA|counter0to9:u1|q0 ; clock        ; clock       ; 0.000        ; 0.088      ; 1.468      ;
; 1.223 ; singlepulse2:sp2|q1                    ; twoBCDcounters:dispB|counter0to9:u0|q0 ; clock        ; clock       ; 0.000        ; 0.067      ; 1.461      ;
; 1.224 ; twoBCDcounters:dispA|counter0to9:u1|q1 ; twoBCDcounters:dispA|counter0to9:u1|q2 ; clock        ; clock       ; 0.000        ; 0.073      ; 1.468      ;
; 1.228 ; singlepulse2:sp2|q1                    ; twoBCDcounters:dispB|counter0to9:u0|q1 ; clock        ; clock       ; 0.000        ; 0.069      ; 1.468      ;
; 1.233 ; twoBCDcounters:dispA|counter0to9:u0|q0 ; twoBCDcounters:dispA|counter0to9:u0|q1 ; clock        ; clock       ; 0.000        ; 0.072      ; 1.476      ;
; 1.238 ; twoBCDcounters:dispA|counter0to9:u0|q1 ; twoBCDcounters:dispA|counter0to9:u0|q2 ; clock        ; clock       ; 0.000        ; 0.072      ; 1.481      ;
; 1.239 ; twoBCDcounters:dispB|counter0to9:u1|q2 ; twoBCDcounters:dispB|counter0to9:u1|q0 ; clock        ; clock       ; 0.000        ; 0.069      ; 1.479      ;
; 1.241 ; singlepulse2:sp2|q3                    ; twoBCDcounters:dispB|counter0to9:u0|q0 ; clock        ; clock       ; 0.000        ; 0.067      ; 1.479      ;
; 1.246 ; singlepulse2:sp2|q3                    ; twoBCDcounters:dispB|counter0to9:u0|q1 ; clock        ; clock       ; 0.000        ; 0.069      ; 1.486      ;
; 1.261 ; twoBCDcounters:dispB|counter0to9:u1|q0 ; twoBCDcounters:dispB|counter0to9:u1|q2 ; clock        ; clock       ; 0.000        ; 0.075      ; 1.507      ;
; 1.283 ; singlepulse:sp1|q3                     ; twoBCDcounters:dispA|counter0to9:u0|q3 ; clock        ; clock       ; 0.000        ; 0.072      ; 1.526      ;
; 1.288 ; singlepulse:sp1|q3                     ; twoBCDcounters:dispA|counter0to9:u0|q0 ; clock        ; clock       ; 0.000        ; 0.072      ; 1.531      ;
; 1.288 ; singlepulse:sp1|q3                     ; twoBCDcounters:dispA|counter0to9:u0|q2 ; clock        ; clock       ; 0.000        ; 0.072      ; 1.531      ;
; 1.289 ; singlepulse:sp1|q3                     ; twoBCDcounters:dispA|counter0to9:u0|q1 ; clock        ; clock       ; 0.000        ; 0.072      ; 1.532      ;
; 1.300 ; singlepulse2:sp2|q3                    ; twoBCDcounters:dispB|counter0to9:u0|q2 ; clock        ; clock       ; 0.000        ; 0.069      ; 1.540      ;
; 1.301 ; singlepulse2:sp2|q3                    ; twoBCDcounters:dispB|counter0to9:u0|q3 ; clock        ; clock       ; 0.000        ; 0.069      ; 1.541      ;
; 1.307 ; singlepulse:sp1|q3                     ; twoBCDcounters:dispB|counter0to9:u1|q0 ; clock        ; clock       ; 0.000        ; 0.069      ; 1.547      ;
; 1.311 ; singlepulse2:sp2|q1                    ; twoBCDcounters:dispB|counter0to9:u0|q2 ; clock        ; clock       ; 0.000        ; 0.069      ; 1.551      ;
; 1.312 ; singlepulse:sp1|q3                     ; twoBCDcounters:dispB|counter0to9:u1|q3 ; clock        ; clock       ; 0.000        ; 0.069      ; 1.552      ;
; 1.312 ; singlepulse2:sp2|q1                    ; twoBCDcounters:dispB|counter0to9:u0|q3 ; clock        ; clock       ; 0.000        ; 0.069      ; 1.552      ;
; 1.313 ; twoBCDcounters:dispB|counter0to9:u0|q1 ; twoBCDcounters:dispB|counter0to9:u0|q0 ; clock        ; clock       ; 0.000        ; 0.070      ; 1.554      ;
; 1.318 ; twoBCDcounters:dispA|counter0to9:u0|q0 ; twoBCDcounters:dispA|counter0to9:u0|q3 ; clock        ; clock       ; 0.000        ; 0.072      ; 1.561      ;
; 1.321 ; singlepulse2:sp2|q1                    ; twoBCDcounters:dispA|counter0to9:u1|q0 ; clock        ; clock       ; 0.000        ; 0.483      ; 1.975      ;
; 1.322 ; singlepulse2:sp2|q1                    ; twoBCDcounters:dispA|counter0to9:u1|q3 ; clock        ; clock       ; 0.000        ; 0.483      ; 1.976      ;
; 1.323 ; twoBCDcounters:dispB|counter0to9:u1|q2 ; twoBCDcounters:dispB|counter0to9:u1|q3 ; clock        ; clock       ; 0.000        ; 0.069      ; 1.563      ;
; 1.329 ; singlepulse2:sp2|q2                    ; singlepulse2:sp2|q3                    ; clock        ; clock       ; 0.000        ; 0.072      ; 1.572      ;
; 1.364 ; twoBCDcounters:dispB|counter0to9:u1|q1 ; twoBCDcounters:dispB|counter0to9:u1|q2 ; clock        ; clock       ; 0.000        ; 0.072      ; 1.607      ;
; 1.375 ; twoBCDcounters:dispB|counter0to9:u0|q0 ; twoBCDcounters:dispB|counter0to9:u1|q0 ; clock        ; clock       ; 0.000        ; 0.074      ; 1.620      ;
; 1.380 ; twoBCDcounters:dispB|counter0to9:u0|q0 ; twoBCDcounters:dispB|counter0to9:u1|q3 ; clock        ; clock       ; 0.000        ; 0.074      ; 1.625      ;
; 1.387 ; twoBCDcounters:dispA|counter0to9:u0|q3 ; twoBCDcounters:dispA|counter0to9:u0|q1 ; clock        ; clock       ; 0.000        ; 0.072      ; 1.630      ;
; 1.404 ; singlepulse:sp1|q3                     ; twoBCDcounters:dispB|counter0to9:u1|q2 ; clock        ; clock       ; 0.000        ; 0.072      ; 1.647      ;
; 1.404 ; twoBCDcounters:dispB|counter0to9:u1|q3 ; twoBCDcounters:dispB|counter0to9:u1|q2 ; clock        ; clock       ; 0.000        ; 0.075      ; 1.650      ;
; 1.405 ; twoBCDcounters:dispB|counter0to9:u1|q3 ; twoBCDcounters:dispB|counter0to9:u1|q1 ; clock        ; clock       ; 0.000        ; 0.075      ; 1.651      ;
; 1.406 ; twoBCDcounters:dispB|counter0to9:u0|q3 ; twoBCDcounters:dispB|counter0to9:u0|q0 ; clock        ; clock       ; 0.000        ; 0.070      ; 1.647      ;
; 1.409 ; singlepulse:sp1|q3                     ; twoBCDcounters:dispB|counter0to9:u1|q1 ; clock        ; clock       ; 0.000        ; 0.072      ; 1.652      ;
; 1.410 ; singlepulse2:sp2|q1                    ; twoBCDcounters:dispA|counter0to9:u0|q3 ; clock        ; clock       ; 0.000        ; 0.072      ; 1.653      ;
; 1.411 ; twoBCDcounters:dispA|counter0to9:u0|q3 ; twoBCDcounters:dispA|counter0to9:u0|q2 ; clock        ; clock       ; 0.000        ; 0.072      ; 1.654      ;
; 1.415 ; singlepulse2:sp2|q1                    ; twoBCDcounters:dispA|counter0to9:u0|q0 ; clock        ; clock       ; 0.000        ; 0.072      ; 1.658      ;
; 1.415 ; singlepulse2:sp2|q1                    ; twoBCDcounters:dispA|counter0to9:u0|q2 ; clock        ; clock       ; 0.000        ; 0.072      ; 1.658      ;
; 1.416 ; singlepulse2:sp2|q1                    ; twoBCDcounters:dispA|counter0to9:u0|q1 ; clock        ; clock       ; 0.000        ; 0.072      ; 1.659      ;
; 1.421 ; twoBCDcounters:dispA|counter0to9:u0|q0 ; twoBCDcounters:dispA|counter0to9:u1|q2 ; clock        ; clock       ; 0.000        ; 0.089      ; 1.681      ;
; 1.425 ; twoBCDcounters:dispA|counter0to9:u0|q0 ; twoBCDcounters:dispA|counter0to9:u1|q1 ; clock        ; clock       ; 0.000        ; 0.089      ; 1.685      ;
; 1.427 ; twoBCDcounters:dispB|counter0to9:u0|q0 ; twoBCDcounters:dispB|counter0to9:u0|q3 ; clock        ; clock       ; 0.000        ; 0.074      ; 1.672      ;
; 1.427 ; twoBCDcounters:dispB|counter0to9:u0|q0 ; twoBCDcounters:dispB|counter0to9:u0|q2 ; clock        ; clock       ; 0.000        ; 0.074      ; 1.672      ;
; 1.433 ; singlepulse:sp1|q3                     ; twoBCDcounters:dispB|counter0to9:u0|q0 ; clock        ; clock       ; 0.000        ; 0.067      ; 1.671      ;
; 1.434 ; singlepulse2:sp2|q3                    ; twoBCDcounters:dispA|counter0to9:u1|q0 ; clock        ; clock       ; 0.000        ; 0.483      ; 2.088      ;
; 1.434 ; singlepulse2:sp2|q1                    ; twoBCDcounters:dispB|counter0to9:u1|q0 ; clock        ; clock       ; 0.000        ; 0.069      ; 1.674      ;
; 1.435 ; singlepulse2:sp2|q3                    ; twoBCDcounters:dispA|counter0to9:u1|q3 ; clock        ; clock       ; 0.000        ; 0.483      ; 2.089      ;
; 1.438 ; singlepulse:sp1|q3                     ; twoBCDcounters:dispB|counter0to9:u0|q1 ; clock        ; clock       ; 0.000        ; 0.069      ; 1.678      ;
; 1.439 ; singlepulse2:sp2|q1                    ; twoBCDcounters:dispB|counter0to9:u1|q3 ; clock        ; clock       ; 0.000        ; 0.069      ; 1.679      ;
; 1.461 ; twoBCDcounters:dispB|counter0to9:u0|q0 ; twoBCDcounters:dispB|counter0to9:u1|q1 ; clock        ; clock       ; 0.000        ; 0.077      ; 1.709      ;
; 1.462 ; twoBCDcounters:dispB|counter0to9:u0|q0 ; twoBCDcounters:dispB|counter0to9:u1|q2 ; clock        ; clock       ; 0.000        ; 0.077      ; 1.710      ;
+-------+----------------------------------------+----------------------------------------+--------------+-------------+--------------+------------+------------+


+-------------------------------------------------------------------------------------------------------------------------+
; Slow 1200mV 0C Model Minimum Pulse Width: 'clock'                                                                       ;
+--------+--------------+----------------+------------------+-------+------------+----------------------------------------+
; Slack  ; Actual Width ; Required Width ; Type             ; Clock ; Clock Edge ; Target                                 ;
+--------+--------------+----------------+------------------+-------+------------+----------------------------------------+
; -3.000 ; 1.000        ; 4.000          ; Port Rate        ; clock ; Rise       ; clock                                  ;
; -1.285 ; 1.000        ; 2.285          ; Min Period       ; clock ; Rise       ; singlepulse2:sp2|q0                    ;
; -1.285 ; 1.000        ; 2.285          ; Min Period       ; clock ; Rise       ; singlepulse2:sp2|q1                    ;
; -1.285 ; 1.000        ; 2.285          ; Min Period       ; clock ; Rise       ; singlepulse2:sp2|q2                    ;
; -1.285 ; 1.000        ; 2.285          ; Min Period       ; clock ; Rise       ; singlepulse2:sp2|q3                    ;
; -1.285 ; 1.000        ; 2.285          ; Min Period       ; clock ; Rise       ; singlepulse:sp1|q1                     ;
; -1.285 ; 1.000        ; 2.285          ; Min Period       ; clock ; Rise       ; singlepulse:sp1|q2                     ;
; -1.285 ; 1.000        ; 2.285          ; Min Period       ; clock ; Rise       ; singlepulse:sp1|q3                     ;
; -1.285 ; 1.000        ; 2.285          ; Min Period       ; clock ; Rise       ; twoBCDcounters:dispA|counter0to9:u0|q0 ;
; -1.285 ; 1.000        ; 2.285          ; Min Period       ; clock ; Rise       ; twoBCDcounters:dispA|counter0to9:u0|q1 ;
; -1.285 ; 1.000        ; 2.285          ; Min Period       ; clock ; Rise       ; twoBCDcounters:dispA|counter0to9:u0|q2 ;
; -1.285 ; 1.000        ; 2.285          ; Min Period       ; clock ; Rise       ; twoBCDcounters:dispA|counter0to9:u0|q3 ;
; -1.285 ; 1.000        ; 2.285          ; Min Period       ; clock ; Rise       ; twoBCDcounters:dispA|counter0to9:u1|q0 ;
; -1.285 ; 1.000        ; 2.285          ; Min Period       ; clock ; Rise       ; twoBCDcounters:dispA|counter0to9:u1|q1 ;
; -1.285 ; 1.000        ; 2.285          ; Min Period       ; clock ; Rise       ; twoBCDcounters:dispA|counter0to9:u1|q2 ;
; -1.285 ; 1.000        ; 2.285          ; Min Period       ; clock ; Rise       ; twoBCDcounters:dispA|counter0to9:u1|q3 ;
; -1.285 ; 1.000        ; 2.285          ; Min Period       ; clock ; Rise       ; twoBCDcounters:dispB|counter0to9:u0|q0 ;
; -1.285 ; 1.000        ; 2.285          ; Min Period       ; clock ; Rise       ; twoBCDcounters:dispB|counter0to9:u0|q1 ;
; -1.285 ; 1.000        ; 2.285          ; Min Period       ; clock ; Rise       ; twoBCDcounters:dispB|counter0to9:u0|q2 ;
; -1.285 ; 1.000        ; 2.285          ; Min Period       ; clock ; Rise       ; twoBCDcounters:dispB|counter0to9:u0|q3 ;
; -1.285 ; 1.000        ; 2.285          ; Min Period       ; clock ; Rise       ; twoBCDcounters:dispB|counter0to9:u1|q0 ;
; -1.285 ; 1.000        ; 2.285          ; Min Period       ; clock ; Rise       ; twoBCDcounters:dispB|counter0to9:u1|q1 ;
; -1.285 ; 1.000        ; 2.285          ; Min Period       ; clock ; Rise       ; twoBCDcounters:dispB|counter0to9:u1|q2 ;
; -1.285 ; 1.000        ; 2.285          ; Min Period       ; clock ; Rise       ; twoBCDcounters:dispB|counter0to9:u1|q3 ;
; 0.279  ; 0.465        ; 0.186          ; Low Pulse Width  ; clock ; Rise       ; twoBCDcounters:dispB|counter0to9:u0|q0 ;
; 0.279  ; 0.465        ; 0.186          ; Low Pulse Width  ; clock ; Rise       ; twoBCDcounters:dispB|counter0to9:u0|q1 ;
; 0.279  ; 0.465        ; 0.186          ; Low Pulse Width  ; clock ; Rise       ; twoBCDcounters:dispB|counter0to9:u0|q2 ;
; 0.279  ; 0.465        ; 0.186          ; Low Pulse Width  ; clock ; Rise       ; twoBCDcounters:dispB|counter0to9:u0|q3 ;
; 0.279  ; 0.465        ; 0.186          ; Low Pulse Width  ; clock ; Rise       ; twoBCDcounters:dispB|counter0to9:u1|q0 ;
; 0.279  ; 0.465        ; 0.186          ; Low Pulse Width  ; clock ; Rise       ; twoBCDcounters:dispB|counter0to9:u1|q3 ;
; 0.280  ; 0.466        ; 0.186          ; Low Pulse Width  ; clock ; Rise       ; singlepulse2:sp2|q1                    ;
; 0.280  ; 0.466        ; 0.186          ; Low Pulse Width  ; clock ; Rise       ; singlepulse2:sp2|q2                    ;
; 0.280  ; 0.466        ; 0.186          ; Low Pulse Width  ; clock ; Rise       ; singlepulse2:sp2|q3                    ;
; 0.280  ; 0.466        ; 0.186          ; Low Pulse Width  ; clock ; Rise       ; singlepulse:sp1|q2                     ;
; 0.280  ; 0.466        ; 0.186          ; Low Pulse Width  ; clock ; Rise       ; singlepulse:sp1|q3                     ;
; 0.280  ; 0.466        ; 0.186          ; Low Pulse Width  ; clock ; Rise       ; twoBCDcounters:dispA|counter0to9:u0|q0 ;
; 0.280  ; 0.466        ; 0.186          ; Low Pulse Width  ; clock ; Rise       ; twoBCDcounters:dispA|counter0to9:u0|q1 ;
; 0.280  ; 0.466        ; 0.186          ; Low Pulse Width  ; clock ; Rise       ; twoBCDcounters:dispA|counter0to9:u0|q2 ;
; 0.280  ; 0.466        ; 0.186          ; Low Pulse Width  ; clock ; Rise       ; twoBCDcounters:dispA|counter0to9:u0|q3 ;
; 0.280  ; 0.466        ; 0.186          ; Low Pulse Width  ; clock ; Rise       ; twoBCDcounters:dispA|counter0to9:u1|q1 ;
; 0.280  ; 0.466        ; 0.186          ; Low Pulse Width  ; clock ; Rise       ; twoBCDcounters:dispA|counter0to9:u1|q2 ;
; 0.280  ; 0.466        ; 0.186          ; Low Pulse Width  ; clock ; Rise       ; twoBCDcounters:dispB|counter0to9:u1|q1 ;
; 0.280  ; 0.466        ; 0.186          ; Low Pulse Width  ; clock ; Rise       ; twoBCDcounters:dispB|counter0to9:u1|q2 ;
; 0.290  ; 0.476        ; 0.186          ; Low Pulse Width  ; clock ; Rise       ; singlepulse:sp1|q1                     ;
; 0.295  ; 0.481        ; 0.186          ; Low Pulse Width  ; clock ; Rise       ; singlepulse2:sp2|q0                    ;
; 0.295  ; 0.481        ; 0.186          ; Low Pulse Width  ; clock ; Rise       ; twoBCDcounters:dispA|counter0to9:u1|q0 ;
; 0.295  ; 0.481        ; 0.186          ; Low Pulse Width  ; clock ; Rise       ; twoBCDcounters:dispA|counter0to9:u1|q3 ;
; 0.298  ; 0.516        ; 0.218          ; High Pulse Width ; clock ; Rise       ; singlepulse2:sp2|q0                    ;
; 0.298  ; 0.516        ; 0.218          ; High Pulse Width ; clock ; Rise       ; twoBCDcounters:dispA|counter0to9:u1|q0 ;
; 0.298  ; 0.516        ; 0.218          ; High Pulse Width ; clock ; Rise       ; twoBCDcounters:dispA|counter0to9:u1|q3 ;
; 0.304  ; 0.522        ; 0.218          ; High Pulse Width ; clock ; Rise       ; singlepulse:sp1|q1                     ;
; 0.314  ; 0.532        ; 0.218          ; High Pulse Width ; clock ; Rise       ; singlepulse2:sp2|q1                    ;
; 0.314  ; 0.532        ; 0.218          ; High Pulse Width ; clock ; Rise       ; singlepulse2:sp2|q2                    ;
; 0.314  ; 0.532        ; 0.218          ; High Pulse Width ; clock ; Rise       ; singlepulse2:sp2|q3                    ;
; 0.314  ; 0.532        ; 0.218          ; High Pulse Width ; clock ; Rise       ; singlepulse:sp1|q2                     ;
; 0.314  ; 0.532        ; 0.218          ; High Pulse Width ; clock ; Rise       ; singlepulse:sp1|q3                     ;
; 0.314  ; 0.532        ; 0.218          ; High Pulse Width ; clock ; Rise       ; twoBCDcounters:dispA|counter0to9:u0|q0 ;
; 0.314  ; 0.532        ; 0.218          ; High Pulse Width ; clock ; Rise       ; twoBCDcounters:dispA|counter0to9:u0|q1 ;
; 0.314  ; 0.532        ; 0.218          ; High Pulse Width ; clock ; Rise       ; twoBCDcounters:dispA|counter0to9:u0|q2 ;
; 0.314  ; 0.532        ; 0.218          ; High Pulse Width ; clock ; Rise       ; twoBCDcounters:dispA|counter0to9:u0|q3 ;
; 0.314  ; 0.532        ; 0.218          ; High Pulse Width ; clock ; Rise       ; twoBCDcounters:dispA|counter0to9:u1|q1 ;
; 0.314  ; 0.532        ; 0.218          ; High Pulse Width ; clock ; Rise       ; twoBCDcounters:dispA|counter0to9:u1|q2 ;
; 0.314  ; 0.532        ; 0.218          ; High Pulse Width ; clock ; Rise       ; twoBCDcounters:dispB|counter0to9:u1|q1 ;
; 0.314  ; 0.532        ; 0.218          ; High Pulse Width ; clock ; Rise       ; twoBCDcounters:dispB|counter0to9:u1|q2 ;
; 0.315  ; 0.533        ; 0.218          ; High Pulse Width ; clock ; Rise       ; twoBCDcounters:dispB|counter0to9:u0|q0 ;
; 0.315  ; 0.533        ; 0.218          ; High Pulse Width ; clock ; Rise       ; twoBCDcounters:dispB|counter0to9:u0|q1 ;
; 0.315  ; 0.533        ; 0.218          ; High Pulse Width ; clock ; Rise       ; twoBCDcounters:dispB|counter0to9:u0|q2 ;
; 0.315  ; 0.533        ; 0.218          ; High Pulse Width ; clock ; Rise       ; twoBCDcounters:dispB|counter0to9:u0|q3 ;
; 0.315  ; 0.533        ; 0.218          ; High Pulse Width ; clock ; Rise       ; twoBCDcounters:dispB|counter0to9:u1|q0 ;
; 0.315  ; 0.533        ; 0.218          ; High Pulse Width ; clock ; Rise       ; twoBCDcounters:dispB|counter0to9:u1|q3 ;
; 0.416  ; 0.416        ; 0.000          ; Low Pulse Width  ; clock ; Rise       ; clock~input|o                          ;
; 0.422  ; 0.422        ; 0.000          ; Low Pulse Width  ; clock ; Rise       ; clock~inputclkctrl|inclk[0]            ;
; 0.422  ; 0.422        ; 0.000          ; Low Pulse Width  ; clock ; Rise       ; clock~inputclkctrl|outclk              ;
; 0.427  ; 0.427        ; 0.000          ; Low Pulse Width  ; clock ; Rise       ; dispB|u0|q0|clk                        ;
; 0.427  ; 0.427        ; 0.000          ; Low Pulse Width  ; clock ; Rise       ; dispB|u0|q1|clk                        ;
; 0.427  ; 0.427        ; 0.000          ; Low Pulse Width  ; clock ; Rise       ; dispB|u0|q2|clk                        ;
; 0.427  ; 0.427        ; 0.000          ; Low Pulse Width  ; clock ; Rise       ; dispB|u0|q3|clk                        ;
; 0.427  ; 0.427        ; 0.000          ; Low Pulse Width  ; clock ; Rise       ; dispB|u1|q0|clk                        ;
; 0.427  ; 0.427        ; 0.000          ; Low Pulse Width  ; clock ; Rise       ; dispB|u1|q3|clk                        ;
; 0.428  ; 0.428        ; 0.000          ; Low Pulse Width  ; clock ; Rise       ; dispA|u0|q0|clk                        ;
; 0.428  ; 0.428        ; 0.000          ; Low Pulse Width  ; clock ; Rise       ; dispA|u0|q1|clk                        ;
; 0.428  ; 0.428        ; 0.000          ; Low Pulse Width  ; clock ; Rise       ; dispA|u0|q2|clk                        ;
; 0.428  ; 0.428        ; 0.000          ; Low Pulse Width  ; clock ; Rise       ; dispA|u0|q3|clk                        ;
; 0.428  ; 0.428        ; 0.000          ; Low Pulse Width  ; clock ; Rise       ; dispA|u1|q1|clk                        ;
; 0.428  ; 0.428        ; 0.000          ; Low Pulse Width  ; clock ; Rise       ; dispA|u1|q2|clk                        ;
; 0.428  ; 0.428        ; 0.000          ; Low Pulse Width  ; clock ; Rise       ; dispB|u1|q1|clk                        ;
; 0.428  ; 0.428        ; 0.000          ; Low Pulse Width  ; clock ; Rise       ; dispB|u1|q2|clk                        ;
; 0.428  ; 0.428        ; 0.000          ; Low Pulse Width  ; clock ; Rise       ; sp1|q2|clk                             ;
; 0.428  ; 0.428        ; 0.000          ; Low Pulse Width  ; clock ; Rise       ; sp1|q3|clk                             ;
; 0.428  ; 0.428        ; 0.000          ; Low Pulse Width  ; clock ; Rise       ; sp2|q1|clk                             ;
; 0.428  ; 0.428        ; 0.000          ; Low Pulse Width  ; clock ; Rise       ; sp2|q2|clk                             ;
; 0.428  ; 0.428        ; 0.000          ; Low Pulse Width  ; clock ; Rise       ; sp2|q3|clk                             ;
; 0.438  ; 0.438        ; 0.000          ; Low Pulse Width  ; clock ; Rise       ; sp1|q1|clk                             ;
; 0.443  ; 0.443        ; 0.000          ; Low Pulse Width  ; clock ; Rise       ; dispA|u1|q0|clk                        ;
; 0.443  ; 0.443        ; 0.000          ; Low Pulse Width  ; clock ; Rise       ; dispA|u1|q3|clk                        ;
; 0.443  ; 0.443        ; 0.000          ; Low Pulse Width  ; clock ; Rise       ; sp2|q0|clk                             ;
; 0.500  ; 0.500        ; 0.000          ; High Pulse Width ; clock ; Rise       ; clock~input|i                          ;
; 0.500  ; 0.500        ; 0.000          ; Low Pulse Width  ; clock ; Rise       ; clock~input|i                          ;
; 0.556  ; 0.556        ; 0.000          ; High Pulse Width ; clock ; Rise       ; dispA|u1|q0|clk                        ;
; 0.556  ; 0.556        ; 0.000          ; High Pulse Width ; clock ; Rise       ; dispA|u1|q3|clk                        ;
+--------+--------------+----------------+------------------+-------+------------+----------------------------------------+


+-----------------------------------------------------------------------+
; Setup Times                                                           ;
+-----------+------------+-------+-------+------------+-----------------+
; Data Port ; Clock Port ; Rise  ; Fall  ; Clock Edge ; Clock Reference ;
+-----------+------------+-------+-------+------------+-----------------+
; ab        ; clock      ; 2.908 ; 3.192 ; Rise       ; clock           ;
; clear     ; clock      ; 3.710 ; 3.924 ; Rise       ; clock           ;
; pb1       ; clock      ; 4.055 ; 4.332 ; Rise       ; clock           ;
; pb2       ; clock      ; 4.899 ; 5.413 ; Rise       ; clock           ;
+-----------+------------+-------+-------+------------+-----------------+


+-------------------------------------------------------------------------+
; Hold Times                                                              ;
+-----------+------------+--------+--------+------------+-----------------+
; Data Port ; Clock Port ; Rise   ; Fall   ; Clock Edge ; Clock Reference ;
+-----------+------------+--------+--------+------------+-----------------+
; ab        ; clock      ; -1.859 ; -2.048 ; Rise       ; clock           ;
; clear     ; clock      ; -1.948 ; -2.165 ; Rise       ; clock           ;
; pb1       ; clock      ; -3.524 ; -3.789 ; Rise       ; clock           ;
; pb2       ; clock      ; -4.334 ; -4.826 ; Rise       ; clock           ;
+-----------+------------+--------+--------+------------+-----------------+


+-----------------------------------------------------------------------+
; Clock to Output Times                                                 ;
+-----------+------------+-------+-------+------------+-----------------+
; Data Port ; Clock Port ; Rise  ; Fall  ; Clock Edge ; Clock Reference ;
+-----------+------------+-------+-------+------------+-----------------+
; DAt[*]    ; clock      ; 8.361 ; 8.143 ; Rise       ; clock           ;
;  DAt[0]   ; clock      ; 7.460 ; 7.330 ; Rise       ; clock           ;
;  DAt[1]   ; clock      ; 7.638 ; 7.518 ; Rise       ; clock           ;
;  DAt[2]   ; clock      ; 8.174 ; 7.981 ; Rise       ; clock           ;
;  DAt[3]   ; clock      ; 7.998 ; 7.876 ; Rise       ; clock           ;
;  DAt[4]   ; clock      ; 7.813 ; 7.671 ; Rise       ; clock           ;
;  DAt[5]   ; clock      ; 7.749 ; 7.585 ; Rise       ; clock           ;
;  DAt[6]   ; clock      ; 8.361 ; 8.143 ; Rise       ; clock           ;
; DAu[*]    ; clock      ; 9.151 ; 9.020 ; Rise       ; clock           ;
;  DAu[0]   ; clock      ; 7.805 ; 7.683 ; Rise       ; clock           ;
;  DAu[1]   ; clock      ; 7.891 ; 7.718 ; Rise       ; clock           ;
;  DAu[2]   ; clock      ; 7.951 ; 7.788 ; Rise       ; clock           ;
;  DAu[3]   ; clock      ; 7.563 ; 7.467 ; Rise       ; clock           ;
;  DAu[4]   ; clock      ; 7.696 ; 7.589 ; Rise       ; clock           ;
;  DAu[5]   ; clock      ; 9.151 ; 9.020 ; Rise       ; clock           ;
;  DAu[6]   ; clock      ; 7.457 ; 7.343 ; Rise       ; clock           ;
; DBt[*]    ; clock      ; 8.744 ; 8.626 ; Rise       ; clock           ;
;  DBt[0]   ; clock      ; 7.560 ; 7.415 ; Rise       ; clock           ;
;  DBt[1]   ; clock      ; 8.744 ; 8.626 ; Rise       ; clock           ;
;  DBt[2]   ; clock      ; 7.873 ; 7.739 ; Rise       ; clock           ;
;  DBt[3]   ; clock      ; 7.499 ; 7.360 ; Rise       ; clock           ;
;  DBt[4]   ; clock      ; 7.463 ; 7.339 ; Rise       ; clock           ;
;  DBt[5]   ; clock      ; 7.336 ; 7.192 ; Rise       ; clock           ;
;  DBt[6]   ; clock      ; 7.905 ; 7.786 ; Rise       ; clock           ;
; DBu[*]    ; clock      ; 7.820 ; 7.654 ; Rise       ; clock           ;
;  DBu[0]   ; clock      ; 7.820 ; 7.654 ; Rise       ; clock           ;
;  DBu[1]   ; clock      ; 7.530 ; 7.473 ; Rise       ; clock           ;
;  DBu[2]   ; clock      ; 7.551 ; 7.415 ; Rise       ; clock           ;
;  DBu[3]   ; clock      ; 7.570 ; 7.410 ; Rise       ; clock           ;
;  DBu[4]   ; clock      ; 6.932 ; 6.845 ; Rise       ; clock           ;
;  DBu[5]   ; clock      ; 6.946 ; 6.879 ; Rise       ; clock           ;
;  DBu[6]   ; clock      ; 7.151 ; 7.038 ; Rise       ; clock           ;
+-----------+------------+-------+-------+------------+-----------------+


+-----------------------------------------------------------------------+
; Minimum Clock to Output Times                                         ;
+-----------+------------+-------+-------+------------+-----------------+
; Data Port ; Clock Port ; Rise  ; Fall  ; Clock Edge ; Clock Reference ;
+-----------+------------+-------+-------+------------+-----------------+
; DAt[*]    ; clock      ; 6.459 ; 6.324 ; Rise       ; clock           ;
;  DAt[0]   ; clock      ; 6.459 ; 6.324 ; Rise       ; clock           ;
;  DAt[1]   ; clock      ; 6.686 ; 6.589 ; Rise       ; clock           ;
;  DAt[2]   ; clock      ; 7.154 ; 7.020 ; Rise       ; clock           ;
;  DAt[3]   ; clock      ; 7.002 ; 6.887 ; Rise       ; clock           ;
;  DAt[4]   ; clock      ; 6.928 ; 6.689 ; Rise       ; clock           ;
;  DAt[5]   ; clock      ; 6.830 ; 6.581 ; Rise       ; clock           ;
;  DAt[6]   ; clock      ; 7.338 ; 7.164 ; Rise       ; clock           ;
; DAu[*]    ; clock      ; 6.688 ; 6.564 ; Rise       ; clock           ;
;  DAu[0]   ; clock      ; 6.993 ; 6.869 ; Rise       ; clock           ;
;  DAu[1]   ; clock      ; 7.114 ; 6.958 ; Rise       ; clock           ;
;  DAu[2]   ; clock      ; 7.126 ; 6.945 ; Rise       ; clock           ;
;  DAu[3]   ; clock      ; 7.166 ; 7.077 ; Rise       ; clock           ;
;  DAu[4]   ; clock      ; 7.336 ; 7.226 ; Rise       ; clock           ;
;  DAu[5]   ; clock      ; 8.364 ; 8.205 ; Rise       ; clock           ;
;  DAu[6]   ; clock      ; 6.688 ; 6.564 ; Rise       ; clock           ;
; DBt[*]    ; clock      ; 6.857 ; 6.697 ; Rise       ; clock           ;
;  DBt[0]   ; clock      ; 7.054 ; 6.878 ; Rise       ; clock           ;
;  DBt[1]   ; clock      ; 8.252 ; 8.135 ; Rise       ; clock           ;
;  DBt[2]   ; clock      ; 7.389 ; 7.242 ; Rise       ; clock           ;
;  DBt[3]   ; clock      ; 6.883 ; 6.722 ; Rise       ; clock           ;
;  DBt[4]   ; clock      ; 6.943 ; 6.778 ; Rise       ; clock           ;
;  DBt[5]   ; clock      ; 6.857 ; 6.697 ; Rise       ; clock           ;
;  DBt[6]   ; clock      ; 7.096 ; 6.964 ; Rise       ; clock           ;
; DBu[*]    ; clock      ; 6.241 ; 6.201 ; Rise       ; clock           ;
;  DBu[0]   ; clock      ; 7.095 ; 6.878 ; Rise       ; clock           ;
;  DBu[1]   ; clock      ; 6.814 ; 6.706 ; Rise       ; clock           ;
;  DBu[2]   ; clock      ; 6.777 ; 6.667 ; Rise       ; clock           ;
;  DBu[3]   ; clock      ; 6.988 ; 6.867 ; Rise       ; clock           ;
;  DBu[4]   ; clock      ; 6.416 ; 6.413 ; Rise       ; clock           ;
;  DBu[5]   ; clock      ; 6.241 ; 6.201 ; Rise       ; clock           ;
;  DBu[6]   ; clock      ; 6.432 ; 6.361 ; Rise       ; clock           ;
+-----------+------------+-------+-------+------------+-----------------+


---------------------------------------------
; Slow 1200mV 0C Model Metastability Report ;
---------------------------------------------
No synchronizer chains to report.


+------------------------------------+
; Fast 1200mV 0C Model Setup Summary ;
+-------+--------+-------------------+
; Clock ; Slack  ; End Point TNS     ;
+-------+--------+-------------------+
; clock ; -0.327 ; -3.514            ;
+-------+--------+-------------------+


+-----------------------------------+
; Fast 1200mV 0C Model Hold Summary ;
+-------+-------+-------------------+
; Clock ; Slack ; End Point TNS     ;
+-------+-------+-------------------+
; clock ; 0.173 ; 0.000             ;
+-------+-------+-------------------+


-----------------------------------------
; Fast 1200mV 0C Model Recovery Summary ;
-----------------------------------------
No paths to report.


----------------------------------------
; Fast 1200mV 0C Model Removal Summary ;
----------------------------------------
No paths to report.


+--------------------------------------------------+
; Fast 1200mV 0C Model Minimum Pulse Width Summary ;
+-------+--------+---------------------------------+
; Clock ; Slack  ; End Point TNS                   ;
+-------+--------+---------------------------------+
; clock ; -3.000 ; -27.475                         ;
+-------+--------+---------------------------------+


+----------------------------------------------------------------------------------------------------------------------------------------------------------------+
; Fast 1200mV 0C Model Setup: 'clock'                                                                                                                            ;
+--------+----------------------------------------+----------------------------------------+--------------+-------------+--------------+------------+------------+
; Slack  ; From Node                              ; To Node                                ; Launch Clock ; Latch Clock ; Relationship ; Clock Skew ; Data Delay ;
+--------+----------------------------------------+----------------------------------------+--------------+-------------+--------------+------------+------------+
; -0.327 ; singlepulse:sp1|q2                     ; twoBCDcounters:dispA|counter0to9:u1|q1 ; clock        ; clock       ; 1.000        ; -0.025     ; 1.289      ;
; -0.323 ; singlepulse:sp1|q2                     ; twoBCDcounters:dispA|counter0to9:u1|q2 ; clock        ; clock       ; 1.000        ; -0.025     ; 1.285      ;
; -0.305 ; singlepulse2:sp2|q3                    ; twoBCDcounters:dispA|counter0to9:u1|q1 ; clock        ; clock       ; 1.000        ; -0.025     ; 1.267      ;
; -0.301 ; singlepulse2:sp2|q3                    ; twoBCDcounters:dispA|counter0to9:u1|q2 ; clock        ; clock       ; 1.000        ; -0.025     ; 1.263      ;
; -0.295 ; twoBCDcounters:dispB|counter0to9:u0|q2 ; twoBCDcounters:dispB|counter0to9:u0|q1 ; clock        ; clock       ; 1.000        ; -0.041     ; 1.241      ;
; -0.285 ; singlepulse:sp1|q2                     ; twoBCDcounters:dispB|counter0to9:u0|q3 ; clock        ; clock       ; 1.000        ; -0.043     ; 1.229      ;
; -0.284 ; singlepulse:sp1|q2                     ; twoBCDcounters:dispB|counter0to9:u0|q2 ; clock        ; clock       ; 1.000        ; -0.043     ; 1.228      ;
; -0.226 ; singlepulse2:sp2|q1                    ; twoBCDcounters:dispA|counter0to9:u1|q1 ; clock        ; clock       ; 1.000        ; -0.025     ; 1.188      ;
; -0.225 ; singlepulse:sp1|q2                     ; twoBCDcounters:dispB|counter0to9:u0|q1 ; clock        ; clock       ; 1.000        ; -0.043     ; 1.169      ;
; -0.222 ; singlepulse:sp1|q2                     ; twoBCDcounters:dispB|counter0to9:u0|q0 ; clock        ; clock       ; 1.000        ; -0.045     ; 1.164      ;
; -0.222 ; singlepulse2:sp2|q1                    ; twoBCDcounters:dispA|counter0to9:u1|q2 ; clock        ; clock       ; 1.000        ; -0.025     ; 1.184      ;
; -0.218 ; twoBCDcounters:dispB|counter0to9:u0|q0 ; twoBCDcounters:dispB|counter0to9:u0|q1 ; clock        ; clock       ; 1.000        ; -0.039     ; 1.166      ;
; -0.217 ; twoBCDcounters:dispA|counter0to9:u1|q0 ; twoBCDcounters:dispA|counter0to9:u1|q1 ; clock        ; clock       ; 1.000        ; -0.245     ; 0.959      ;
; -0.215 ; singlepulse:sp1|q2                     ; twoBCDcounters:dispB|counter0to9:u1|q1 ; clock        ; clock       ; 1.000        ; -0.041     ; 1.161      ;
; -0.214 ; singlepulse:sp1|q2                     ; twoBCDcounters:dispB|counter0to9:u1|q2 ; clock        ; clock       ; 1.000        ; -0.041     ; 1.160      ;
; -0.214 ; twoBCDcounters:dispA|counter0to9:u1|q3 ; twoBCDcounters:dispA|counter0to9:u1|q1 ; clock        ; clock       ; 1.000        ; -0.245     ; 0.956      ;
; -0.210 ; twoBCDcounters:dispA|counter0to9:u1|q0 ; twoBCDcounters:dispA|counter0to9:u1|q2 ; clock        ; clock       ; 1.000        ; -0.245     ; 0.952      ;
; -0.207 ; twoBCDcounters:dispA|counter0to9:u1|q3 ; twoBCDcounters:dispA|counter0to9:u1|q2 ; clock        ; clock       ; 1.000        ; -0.245     ; 0.949      ;
; -0.206 ; twoBCDcounters:dispA|counter0to9:u0|q0 ; twoBCDcounters:dispA|counter0to9:u0|q1 ; clock        ; clock       ; 1.000        ; -0.041     ; 1.152      ;
; -0.205 ; twoBCDcounters:dispA|counter0to9:u0|q0 ; twoBCDcounters:dispA|counter0to9:u0|q2 ; clock        ; clock       ; 1.000        ; -0.041     ; 1.151      ;
; -0.201 ; twoBCDcounters:dispA|counter0to9:u0|q0 ; twoBCDcounters:dispA|counter0to9:u0|q3 ; clock        ; clock       ; 1.000        ; -0.041     ; 1.147      ;
; -0.193 ; singlepulse2:sp2|q3                    ; twoBCDcounters:dispB|counter0to9:u1|q1 ; clock        ; clock       ; 1.000        ; -0.041     ; 1.139      ;
; -0.192 ; singlepulse2:sp2|q3                    ; twoBCDcounters:dispB|counter0to9:u1|q2 ; clock        ; clock       ; 1.000        ; -0.041     ; 1.138      ;
; -0.180 ; twoBCDcounters:dispB|counter0to9:u0|q3 ; twoBCDcounters:dispB|counter0to9:u0|q1 ; clock        ; clock       ; 1.000        ; -0.041     ; 1.126      ;
; -0.167 ; twoBCDcounters:dispA|counter0to9:u1|q2 ; twoBCDcounters:dispA|counter0to9:u1|q1 ; clock        ; clock       ; 1.000        ; -0.042     ; 1.112      ;
; -0.164 ; singlepulse:sp1|q2                     ; twoBCDcounters:dispB|counter0to9:u1|q3 ; clock        ; clock       ; 1.000        ; -0.043     ; 1.108      ;
; -0.160 ; twoBCDcounters:dispA|counter0to9:u1|q2 ; twoBCDcounters:dispA|counter0to9:u1|q2 ; clock        ; clock       ; 1.000        ; -0.042     ; 1.105      ;
; -0.159 ; singlepulse:sp1|q2                     ; twoBCDcounters:dispB|counter0to9:u1|q0 ; clock        ; clock       ; 1.000        ; -0.043     ; 1.103      ;
; -0.152 ; singlepulse:sp1|q2                     ; twoBCDcounters:dispA|counter0to9:u0|q1 ; clock        ; clock       ; 1.000        ; -0.041     ; 1.098      ;
; -0.151 ; singlepulse:sp1|q2                     ; twoBCDcounters:dispA|counter0to9:u0|q2 ; clock        ; clock       ; 1.000        ; -0.041     ; 1.097      ;
; -0.150 ; singlepulse:sp1|q2                     ; twoBCDcounters:dispA|counter0to9:u0|q0 ; clock        ; clock       ; 1.000        ; -0.041     ; 1.096      ;
; -0.146 ; singlepulse:sp1|q2                     ; twoBCDcounters:dispA|counter0to9:u0|q3 ; clock        ; clock       ; 1.000        ; -0.041     ; 1.092      ;
; -0.145 ; singlepulse:sp1|q3                     ; twoBCDcounters:dispA|counter0to9:u1|q1 ; clock        ; clock       ; 1.000        ; -0.025     ; 1.107      ;
; -0.142 ; singlepulse2:sp2|q3                    ; twoBCDcounters:dispB|counter0to9:u1|q3 ; clock        ; clock       ; 1.000        ; -0.043     ; 1.086      ;
; -0.141 ; singlepulse:sp1|q3                     ; twoBCDcounters:dispA|counter0to9:u1|q2 ; clock        ; clock       ; 1.000        ; -0.025     ; 1.103      ;
; -0.141 ; twoBCDcounters:dispB|counter0to9:u0|q2 ; twoBCDcounters:dispB|counter0to9:u0|q3 ; clock        ; clock       ; 1.000        ; -0.041     ; 1.087      ;
; -0.138 ; twoBCDcounters:dispB|counter0to9:u0|q2 ; twoBCDcounters:dispB|counter0to9:u0|q2 ; clock        ; clock       ; 1.000        ; -0.041     ; 1.084      ;
; -0.137 ; singlepulse2:sp2|q3                    ; twoBCDcounters:dispB|counter0to9:u1|q0 ; clock        ; clock       ; 1.000        ; -0.043     ; 1.081      ;
; -0.136 ; twoBCDcounters:dispB|counter0to9:u0|q1 ; twoBCDcounters:dispB|counter0to9:u0|q1 ; clock        ; clock       ; 1.000        ; -0.041     ; 1.082      ;
; -0.134 ; twoBCDcounters:dispA|counter0to9:u0|q1 ; twoBCDcounters:dispA|counter0to9:u0|q1 ; clock        ; clock       ; 1.000        ; -0.041     ; 1.080      ;
; -0.133 ; singlepulse:sp1|q2                     ; twoBCDcounters:dispA|counter0to9:u1|q3 ; clock        ; clock       ; 1.000        ; 0.170      ; 1.290      ;
; -0.133 ; twoBCDcounters:dispA|counter0to9:u0|q2 ; twoBCDcounters:dispA|counter0to9:u0|q1 ; clock        ; clock       ; 1.000        ; -0.041     ; 1.079      ;
; -0.133 ; twoBCDcounters:dispA|counter0to9:u0|q1 ; twoBCDcounters:dispA|counter0to9:u0|q2 ; clock        ; clock       ; 1.000        ; -0.041     ; 1.079      ;
; -0.132 ; twoBCDcounters:dispA|counter0to9:u0|q2 ; twoBCDcounters:dispA|counter0to9:u0|q2 ; clock        ; clock       ; 1.000        ; -0.041     ; 1.078      ;
; -0.131 ; singlepulse:sp1|q2                     ; twoBCDcounters:dispA|counter0to9:u1|q0 ; clock        ; clock       ; 1.000        ; 0.170      ; 1.288      ;
; -0.130 ; twoBCDcounters:dispB|counter0to9:u1|q2 ; twoBCDcounters:dispB|counter0to9:u1|q3 ; clock        ; clock       ; 1.000        ; -0.043     ; 1.074      ;
; -0.130 ; singlepulse2:sp2|q3                    ; twoBCDcounters:dispA|counter0to9:u0|q1 ; clock        ; clock       ; 1.000        ; -0.041     ; 1.076      ;
; -0.129 ; twoBCDcounters:dispA|counter0to9:u0|q1 ; twoBCDcounters:dispA|counter0to9:u0|q3 ; clock        ; clock       ; 1.000        ; -0.041     ; 1.075      ;
; -0.129 ; singlepulse2:sp2|q3                    ; twoBCDcounters:dispA|counter0to9:u0|q2 ; clock        ; clock       ; 1.000        ; -0.041     ; 1.075      ;
; -0.128 ; twoBCDcounters:dispA|counter0to9:u0|q2 ; twoBCDcounters:dispA|counter0to9:u0|q3 ; clock        ; clock       ; 1.000        ; -0.041     ; 1.074      ;
; -0.128 ; singlepulse2:sp2|q3                    ; twoBCDcounters:dispA|counter0to9:u0|q0 ; clock        ; clock       ; 1.000        ; -0.041     ; 1.074      ;
; -0.125 ; twoBCDcounters:dispB|counter0to9:u0|q3 ; twoBCDcounters:dispB|counter0to9:u1|q1 ; clock        ; clock       ; 1.000        ; -0.039     ; 1.073      ;
; -0.124 ; twoBCDcounters:dispB|counter0to9:u0|q3 ; twoBCDcounters:dispB|counter0to9:u1|q2 ; clock        ; clock       ; 1.000        ; -0.039     ; 1.072      ;
; -0.124 ; singlepulse2:sp2|q3                    ; twoBCDcounters:dispA|counter0to9:u0|q3 ; clock        ; clock       ; 1.000        ; -0.041     ; 1.070      ;
; -0.120 ; twoBCDcounters:dispB|counter0to9:u1|q0 ; twoBCDcounters:dispB|counter0to9:u1|q3 ; clock        ; clock       ; 1.000        ; -0.041     ; 1.066      ;
; -0.116 ; twoBCDcounters:dispA|counter0to9:u1|q1 ; twoBCDcounters:dispA|counter0to9:u1|q1 ; clock        ; clock       ; 1.000        ; -0.042     ; 1.061      ;
; -0.114 ; singlepulse2:sp2|q1                    ; twoBCDcounters:dispB|counter0to9:u1|q1 ; clock        ; clock       ; 1.000        ; -0.041     ; 1.060      ;
; -0.113 ; singlepulse2:sp2|q1                    ; twoBCDcounters:dispB|counter0to9:u1|q2 ; clock        ; clock       ; 1.000        ; -0.041     ; 1.059      ;
; -0.111 ; singlepulse2:sp2|q3                    ; twoBCDcounters:dispA|counter0to9:u1|q3 ; clock        ; clock       ; 1.000        ; 0.170      ; 1.268      ;
; -0.110 ; twoBCDcounters:dispA|counter0to9:u1|q1 ; twoBCDcounters:dispA|counter0to9:u1|q2 ; clock        ; clock       ; 1.000        ; -0.042     ; 1.055      ;
; -0.109 ; singlepulse2:sp2|q3                    ; twoBCDcounters:dispA|counter0to9:u1|q0 ; clock        ; clock       ; 1.000        ; 0.170      ; 1.266      ;
; -0.098 ; twoBCDcounters:dispB|counter0to9:u0|q2 ; twoBCDcounters:dispB|counter0to9:u0|q0 ; clock        ; clock       ; 1.000        ; -0.043     ; 1.042      ;
; -0.074 ; twoBCDcounters:dispB|counter0to9:u0|q3 ; twoBCDcounters:dispB|counter0to9:u1|q3 ; clock        ; clock       ; 1.000        ; -0.041     ; 1.020      ;
; -0.070 ; singlepulse:sp1|q3                     ; twoBCDcounters:dispB|counter0to9:u0|q3 ; clock        ; clock       ; 1.000        ; -0.043     ; 1.014      ;
; -0.069 ; singlepulse:sp1|q3                     ; twoBCDcounters:dispB|counter0to9:u0|q2 ; clock        ; clock       ; 1.000        ; -0.043     ; 1.013      ;
; -0.069 ; twoBCDcounters:dispB|counter0to9:u0|q3 ; twoBCDcounters:dispB|counter0to9:u1|q0 ; clock        ; clock       ; 1.000        ; -0.041     ; 1.015      ;
; -0.064 ; twoBCDcounters:dispB|counter0to9:u1|q2 ; twoBCDcounters:dispB|counter0to9:u1|q1 ; clock        ; clock       ; 1.000        ; -0.041     ; 1.010      ;
; -0.064 ; twoBCDcounters:dispB|counter0to9:u0|q0 ; twoBCDcounters:dispB|counter0to9:u0|q3 ; clock        ; clock       ; 1.000        ; -0.039     ; 1.012      ;
; -0.063 ; twoBCDcounters:dispB|counter0to9:u1|q2 ; twoBCDcounters:dispB|counter0to9:u1|q2 ; clock        ; clock       ; 1.000        ; -0.041     ; 1.009      ;
; -0.063 ; singlepulse2:sp2|q1                    ; twoBCDcounters:dispB|counter0to9:u1|q3 ; clock        ; clock       ; 1.000        ; -0.043     ; 1.007      ;
; -0.061 ; twoBCDcounters:dispB|counter0to9:u0|q0 ; twoBCDcounters:dispB|counter0to9:u0|q2 ; clock        ; clock       ; 1.000        ; -0.039     ; 1.009      ;
; -0.058 ; singlepulse2:sp2|q1                    ; twoBCDcounters:dispB|counter0to9:u1|q0 ; clock        ; clock       ; 1.000        ; -0.043     ; 1.002      ;
; -0.054 ; twoBCDcounters:dispB|counter0to9:u1|q0 ; twoBCDcounters:dispB|counter0to9:u1|q1 ; clock        ; clock       ; 1.000        ; -0.039     ; 1.002      ;
; -0.053 ; twoBCDcounters:dispB|counter0to9:u1|q0 ; twoBCDcounters:dispB|counter0to9:u1|q2 ; clock        ; clock       ; 1.000        ; -0.039     ; 1.001      ;
; -0.051 ; singlepulse2:sp2|q1                    ; twoBCDcounters:dispA|counter0to9:u0|q1 ; clock        ; clock       ; 1.000        ; -0.041     ; 0.997      ;
; -0.050 ; singlepulse2:sp2|q1                    ; twoBCDcounters:dispA|counter0to9:u0|q2 ; clock        ; clock       ; 1.000        ; -0.041     ; 0.996      ;
; -0.049 ; singlepulse2:sp2|q1                    ; twoBCDcounters:dispA|counter0to9:u0|q0 ; clock        ; clock       ; 1.000        ; -0.041     ; 0.995      ;
; -0.048 ; twoBCDcounters:dispB|counter0to9:u0|q0 ; twoBCDcounters:dispB|counter0to9:u1|q1 ; clock        ; clock       ; 1.000        ; -0.037     ; 0.998      ;
; -0.047 ; twoBCDcounters:dispB|counter0to9:u0|q0 ; twoBCDcounters:dispB|counter0to9:u1|q2 ; clock        ; clock       ; 1.000        ; -0.037     ; 0.997      ;
; -0.045 ; singlepulse2:sp2|q1                    ; twoBCDcounters:dispA|counter0to9:u0|q3 ; clock        ; clock       ; 1.000        ; -0.041     ; 0.991      ;
; -0.037 ; twoBCDcounters:dispB|counter0to9:u1|q3 ; twoBCDcounters:dispB|counter0to9:u1|q3 ; clock        ; clock       ; 1.000        ; -0.041     ; 0.983      ;
; -0.036 ; twoBCDcounters:dispA|counter0to9:u0|q0 ; twoBCDcounters:dispA|counter0to9:u1|q1 ; clock        ; clock       ; 1.000        ; -0.025     ; 0.998      ;
; -0.033 ; singlepulse:sp1|q3                     ; twoBCDcounters:dispB|counter0to9:u1|q1 ; clock        ; clock       ; 1.000        ; -0.041     ; 0.979      ;
; -0.033 ; twoBCDcounters:dispB|counter0to9:u1|q1 ; twoBCDcounters:dispB|counter0to9:u1|q2 ; clock        ; clock       ; 1.000        ; -0.041     ; 0.979      ;
; -0.032 ; twoBCDcounters:dispA|counter0to9:u0|q0 ; twoBCDcounters:dispA|counter0to9:u1|q2 ; clock        ; clock       ; 1.000        ; -0.025     ; 0.994      ;
; -0.032 ; singlepulse:sp1|q3                     ; twoBCDcounters:dispB|counter0to9:u1|q2 ; clock        ; clock       ; 1.000        ; -0.041     ; 0.978      ;
; -0.032 ; singlepulse2:sp2|q1                    ; twoBCDcounters:dispA|counter0to9:u1|q3 ; clock        ; clock       ; 1.000        ; 0.170      ; 1.189      ;
; -0.030 ; singlepulse2:sp2|q1                    ; twoBCDcounters:dispA|counter0to9:u1|q0 ; clock        ; clock       ; 1.000        ; 0.170      ; 1.187      ;
; -0.026 ; twoBCDcounters:dispB|counter0to9:u0|q3 ; twoBCDcounters:dispB|counter0to9:u0|q3 ; clock        ; clock       ; 1.000        ; -0.041     ; 0.972      ;
; -0.023 ; twoBCDcounters:dispB|counter0to9:u0|q3 ; twoBCDcounters:dispB|counter0to9:u0|q2 ; clock        ; clock       ; 1.000        ; -0.041     ; 0.969      ;
; -0.022 ; twoBCDcounters:dispA|counter0to9:u1|q0 ; twoBCDcounters:dispA|counter0to9:u1|q3 ; clock        ; clock       ; 1.000        ; -0.050     ; 0.959      ;
; -0.021 ; twoBCDcounters:dispB|counter0to9:u0|q0 ; twoBCDcounters:dispB|counter0to9:u0|q0 ; clock        ; clock       ; 1.000        ; -0.041     ; 0.967      ;
; -0.019 ; twoBCDcounters:dispA|counter0to9:u1|q3 ; twoBCDcounters:dispA|counter0to9:u1|q3 ; clock        ; clock       ; 1.000        ; -0.050     ; 0.956      ;
; -0.015 ; twoBCDcounters:dispA|counter0to9:u0|q3 ; twoBCDcounters:dispA|counter0to9:u0|q1 ; clock        ; clock       ; 1.000        ; -0.041     ; 0.961      ;
; -0.014 ; twoBCDcounters:dispA|counter0to9:u0|q3 ; twoBCDcounters:dispA|counter0to9:u0|q2 ; clock        ; clock       ; 1.000        ; -0.041     ; 0.960      ;
; -0.012 ; twoBCDcounters:dispA|counter0to9:u0|q3 ; twoBCDcounters:dispA|counter0to9:u0|q3 ; clock        ; clock       ; 1.000        ; -0.041     ; 0.958      ;
; -0.010 ; singlepulse:sp1|q3                     ; twoBCDcounters:dispB|counter0to9:u0|q1 ; clock        ; clock       ; 1.000        ; -0.043     ; 0.954      ;
; -0.008 ; twoBCDcounters:dispB|counter0to9:u1|q1 ; twoBCDcounters:dispB|counter0to9:u1|q3 ; clock        ; clock       ; 1.000        ; -0.043     ; 0.952      ;
; -0.007 ; singlepulse:sp1|q3                     ; twoBCDcounters:dispB|counter0to9:u0|q0 ; clock        ; clock       ; 1.000        ; -0.045     ; 0.949      ;
; 0.003  ; twoBCDcounters:dispB|counter0to9:u0|q0 ; twoBCDcounters:dispB|counter0to9:u1|q3 ; clock        ; clock       ; 1.000        ; -0.039     ; 0.945      ;
+--------+----------------------------------------+----------------------------------------+--------------+-------------+--------------+------------+------------+


+---------------------------------------------------------------------------------------------------------------------------------------------------------------+
; Fast 1200mV 0C Model Hold: 'clock'                                                                                                                            ;
+-------+----------------------------------------+----------------------------------------+--------------+-------------+--------------+------------+------------+
; Slack ; From Node                              ; To Node                                ; Launch Clock ; Latch Clock ; Relationship ; Clock Skew ; Data Delay ;
+-------+----------------------------------------+----------------------------------------+--------------+-------------+--------------+------------+------------+
; 0.173 ; twoBCDcounters:dispA|counter0to9:u1|q3 ; twoBCDcounters:dispA|counter0to9:u1|q3 ; clock        ; clock       ; 0.000        ; 0.050      ; 0.307      ;
; 0.173 ; twoBCDcounters:dispA|counter0to9:u1|q0 ; twoBCDcounters:dispA|counter0to9:u1|q0 ; clock        ; clock       ; 0.000        ; 0.050      ; 0.307      ;
; 0.181 ; twoBCDcounters:dispA|counter0to9:u1|q2 ; twoBCDcounters:dispA|counter0to9:u1|q2 ; clock        ; clock       ; 0.000        ; 0.042      ; 0.307      ;
; 0.181 ; twoBCDcounters:dispA|counter0to9:u1|q1 ; twoBCDcounters:dispA|counter0to9:u1|q1 ; clock        ; clock       ; 0.000        ; 0.042      ; 0.307      ;
; 0.182 ; twoBCDcounters:dispB|counter0to9:u1|q3 ; twoBCDcounters:dispB|counter0to9:u1|q3 ; clock        ; clock       ; 0.000        ; 0.041      ; 0.307      ;
; 0.182 ; twoBCDcounters:dispB|counter0to9:u1|q0 ; twoBCDcounters:dispB|counter0to9:u1|q0 ; clock        ; clock       ; 0.000        ; 0.041      ; 0.307      ;
; 0.182 ; twoBCDcounters:dispB|counter0to9:u1|q1 ; twoBCDcounters:dispB|counter0to9:u1|q1 ; clock        ; clock       ; 0.000        ; 0.041      ; 0.307      ;
; 0.182 ; twoBCDcounters:dispB|counter0to9:u1|q2 ; twoBCDcounters:dispB|counter0to9:u1|q2 ; clock        ; clock       ; 0.000        ; 0.041      ; 0.307      ;
; 0.182 ; twoBCDcounters:dispB|counter0to9:u0|q0 ; twoBCDcounters:dispB|counter0to9:u0|q0 ; clock        ; clock       ; 0.000        ; 0.041      ; 0.307      ;
; 0.182 ; twoBCDcounters:dispB|counter0to9:u0|q1 ; twoBCDcounters:dispB|counter0to9:u0|q1 ; clock        ; clock       ; 0.000        ; 0.041      ; 0.307      ;
; 0.182 ; twoBCDcounters:dispB|counter0to9:u0|q3 ; twoBCDcounters:dispB|counter0to9:u0|q3 ; clock        ; clock       ; 0.000        ; 0.041      ; 0.307      ;
; 0.182 ; twoBCDcounters:dispB|counter0to9:u0|q2 ; twoBCDcounters:dispB|counter0to9:u0|q2 ; clock        ; clock       ; 0.000        ; 0.041      ; 0.307      ;
; 0.182 ; twoBCDcounters:dispA|counter0to9:u0|q0 ; twoBCDcounters:dispA|counter0to9:u0|q0 ; clock        ; clock       ; 0.000        ; 0.041      ; 0.307      ;
; 0.182 ; twoBCDcounters:dispA|counter0to9:u0|q1 ; twoBCDcounters:dispA|counter0to9:u0|q1 ; clock        ; clock       ; 0.000        ; 0.041      ; 0.307      ;
; 0.182 ; twoBCDcounters:dispA|counter0to9:u0|q2 ; twoBCDcounters:dispA|counter0to9:u0|q2 ; clock        ; clock       ; 0.000        ; 0.041      ; 0.307      ;
; 0.182 ; twoBCDcounters:dispA|counter0to9:u0|q3 ; twoBCDcounters:dispA|counter0to9:u0|q3 ; clock        ; clock       ; 0.000        ; 0.041      ; 0.307      ;
; 0.276 ; singlepulse2:sp2|q1                    ; singlepulse2:sp2|q2                    ; clock        ; clock       ; 0.000        ; 0.041      ; 0.401      ;
; 0.341 ; twoBCDcounters:dispA|counter0to9:u1|q1 ; twoBCDcounters:dispA|counter0to9:u1|q3 ; clock        ; clock       ; 0.000        ; 0.245      ; 0.670      ;
; 0.386 ; twoBCDcounters:dispA|counter0to9:u0|q3 ; twoBCDcounters:dispA|counter0to9:u1|q0 ; clock        ; clock       ; 0.000        ; 0.261      ; 0.731      ;
; 0.387 ; twoBCDcounters:dispA|counter0to9:u0|q3 ; twoBCDcounters:dispA|counter0to9:u1|q3 ; clock        ; clock       ; 0.000        ; 0.261      ; 0.732      ;
; 0.387 ; twoBCDcounters:dispA|counter0to9:u1|q2 ; twoBCDcounters:dispA|counter0to9:u1|q3 ; clock        ; clock       ; 0.000        ; 0.245      ; 0.716      ;
; 0.394 ; twoBCDcounters:dispB|counter0to9:u1|q0 ; twoBCDcounters:dispB|counter0to9:u1|q1 ; clock        ; clock       ; 0.000        ; 0.043      ; 0.521      ;
; 0.452 ; singlepulse:sp1|q2                     ; singlepulse:sp1|q3                     ; clock        ; clock       ; 0.000        ; 0.041      ; 0.577      ;
; 0.458 ; singlepulse:sp1|q1                     ; singlepulse:sp1|q2                     ; clock        ; clock       ; 0.000        ; -0.155     ; 0.387      ;
; 0.476 ; twoBCDcounters:dispA|counter0to9:u1|q0 ; twoBCDcounters:dispA|counter0to9:u1|q3 ; clock        ; clock       ; 0.000        ; 0.050      ; 0.610      ;
; 0.485 ; twoBCDcounters:dispA|counter0to9:u1|q2 ; twoBCDcounters:dispA|counter0to9:u1|q0 ; clock        ; clock       ; 0.000        ; 0.245      ; 0.814      ;
; 0.499 ; twoBCDcounters:dispB|counter0to9:u0|q0 ; twoBCDcounters:dispB|counter0to9:u0|q1 ; clock        ; clock       ; 0.000        ; 0.043      ; 0.626      ;
; 0.500 ; twoBCDcounters:dispA|counter0to9:u0|q0 ; twoBCDcounters:dispA|counter0to9:u1|q0 ; clock        ; clock       ; 0.000        ; 0.261      ; 0.845      ;
; 0.501 ; twoBCDcounters:dispA|counter0to9:u0|q0 ; twoBCDcounters:dispA|counter0to9:u1|q3 ; clock        ; clock       ; 0.000        ; 0.261      ; 0.846      ;
; 0.511 ; twoBCDcounters:dispA|counter0to9:u0|q3 ; twoBCDcounters:dispA|counter0to9:u0|q0 ; clock        ; clock       ; 0.000        ; 0.041      ; 0.636      ;
; 0.530 ; twoBCDcounters:dispA|counter0to9:u0|q2 ; twoBCDcounters:dispA|counter0to9:u0|q0 ; clock        ; clock       ; 0.000        ; 0.041      ; 0.655      ;
; 0.532 ; twoBCDcounters:dispA|counter0to9:u0|q1 ; twoBCDcounters:dispA|counter0to9:u0|q3 ; clock        ; clock       ; 0.000        ; 0.041      ; 0.657      ;
; 0.533 ; twoBCDcounters:dispB|counter0to9:u1|q0 ; twoBCDcounters:dispB|counter0to9:u1|q3 ; clock        ; clock       ; 0.000        ; 0.041      ; 0.658      ;
; 0.536 ; singlepulse2:sp2|q0                    ; singlepulse2:sp2|q1                    ; clock        ; clock       ; 0.000        ; -0.152     ; 0.468      ;
; 0.539 ; twoBCDcounters:dispB|counter0to9:u1|q1 ; twoBCDcounters:dispB|counter0to9:u1|q3 ; clock        ; clock       ; 0.000        ; 0.039      ; 0.662      ;
; 0.549 ; twoBCDcounters:dispA|counter0to9:u1|q1 ; twoBCDcounters:dispA|counter0to9:u1|q0 ; clock        ; clock       ; 0.000        ; 0.245      ; 0.878      ;
; 0.576 ; twoBCDcounters:dispA|counter0to9:u1|q0 ; twoBCDcounters:dispA|counter0to9:u1|q1 ; clock        ; clock       ; 0.000        ; -0.153     ; 0.507      ;
; 0.584 ; twoBCDcounters:dispB|counter0to9:u0|q2 ; twoBCDcounters:dispB|counter0to9:u0|q3 ; clock        ; clock       ; 0.000        ; 0.041      ; 0.709      ;
; 0.585 ; twoBCDcounters:dispB|counter0to9:u0|q1 ; twoBCDcounters:dispB|counter0to9:u0|q3 ; clock        ; clock       ; 0.000        ; 0.041      ; 0.710      ;
; 0.585 ; twoBCDcounters:dispB|counter0to9:u0|q1 ; twoBCDcounters:dispB|counter0to9:u0|q2 ; clock        ; clock       ; 0.000        ; 0.041      ; 0.710      ;
; 0.586 ; twoBCDcounters:dispA|counter0to9:u0|q3 ; twoBCDcounters:dispA|counter0to9:u1|q2 ; clock        ; clock       ; 0.000        ; 0.058      ; 0.728      ;
; 0.589 ; twoBCDcounters:dispA|counter0to9:u0|q3 ; twoBCDcounters:dispA|counter0to9:u1|q1 ; clock        ; clock       ; 0.000        ; 0.058      ; 0.731      ;
; 0.592 ; twoBCDcounters:dispA|counter0to9:u0|q2 ; twoBCDcounters:dispA|counter0to9:u0|q3 ; clock        ; clock       ; 0.000        ; 0.041      ; 0.717      ;
; 0.593 ; twoBCDcounters:dispB|counter0to9:u1|q1 ; twoBCDcounters:dispB|counter0to9:u1|q0 ; clock        ; clock       ; 0.000        ; 0.039      ; 0.716      ;
; 0.594 ; singlepulse:sp1|q3                     ; twoBCDcounters:dispA|counter0to9:u1|q0 ; clock        ; clock       ; 0.000        ; 0.261      ; 0.939      ;
; 0.595 ; singlepulse:sp1|q3                     ; twoBCDcounters:dispA|counter0to9:u1|q3 ; clock        ; clock       ; 0.000        ; 0.261      ; 0.940      ;
; 0.604 ; twoBCDcounters:dispB|counter0to9:u1|q0 ; twoBCDcounters:dispB|counter0to9:u1|q2 ; clock        ; clock       ; 0.000        ; 0.043      ; 0.731      ;
; 0.604 ; twoBCDcounters:dispA|counter0to9:u0|q0 ; twoBCDcounters:dispA|counter0to9:u0|q1 ; clock        ; clock       ; 0.000        ; 0.041      ; 0.729      ;
; 0.606 ; singlepulse2:sp2|q3                    ; twoBCDcounters:dispB|counter0to9:u0|q0 ; clock        ; clock       ; 0.000        ; 0.037      ; 0.727      ;
; 0.607 ; singlepulse2:sp2|q3                    ; twoBCDcounters:dispB|counter0to9:u0|q1 ; clock        ; clock       ; 0.000        ; 0.039      ; 0.730      ;
; 0.607 ; twoBCDcounters:dispB|counter0to9:u1|q2 ; twoBCDcounters:dispB|counter0to9:u1|q0 ; clock        ; clock       ; 0.000        ; 0.039      ; 0.730      ;
; 0.607 ; singlepulse2:sp2|q1                    ; twoBCDcounters:dispB|counter0to9:u0|q0 ; clock        ; clock       ; 0.000        ; 0.037      ; 0.728      ;
; 0.608 ; singlepulse2:sp2|q1                    ; twoBCDcounters:dispB|counter0to9:u0|q1 ; clock        ; clock       ; 0.000        ; 0.039      ; 0.731      ;
; 0.610 ; twoBCDcounters:dispA|counter0to9:u1|q1 ; twoBCDcounters:dispA|counter0to9:u1|q2 ; clock        ; clock       ; 0.000        ; 0.042      ; 0.736      ;
; 0.621 ; twoBCDcounters:dispB|counter0to9:u1|q3 ; twoBCDcounters:dispB|counter0to9:u1|q0 ; clock        ; clock       ; 0.000        ; 0.041      ; 0.746      ;
; 0.627 ; twoBCDcounters:dispA|counter0to9:u0|q1 ; twoBCDcounters:dispA|counter0to9:u0|q2 ; clock        ; clock       ; 0.000        ; 0.041      ; 0.752      ;
; 0.629 ; twoBCDcounters:dispA|counter0to9:u0|q1 ; twoBCDcounters:dispA|counter0to9:u0|q0 ; clock        ; clock       ; 0.000        ; 0.041      ; 0.754      ;
; 0.642 ; singlepulse2:sp2|q3                    ; twoBCDcounters:dispB|counter0to9:u0|q2 ; clock        ; clock       ; 0.000        ; 0.039      ; 0.765      ;
; 0.643 ; singlepulse2:sp2|q3                    ; twoBCDcounters:dispB|counter0to9:u0|q3 ; clock        ; clock       ; 0.000        ; 0.039      ; 0.766      ;
; 0.643 ; singlepulse2:sp2|q1                    ; twoBCDcounters:dispB|counter0to9:u0|q2 ; clock        ; clock       ; 0.000        ; 0.039      ; 0.766      ;
; 0.644 ; singlepulse2:sp2|q1                    ; twoBCDcounters:dispB|counter0to9:u0|q3 ; clock        ; clock       ; 0.000        ; 0.039      ; 0.767      ;
; 0.648 ; twoBCDcounters:dispA|counter0to9:u0|q0 ; twoBCDcounters:dispA|counter0to9:u0|q3 ; clock        ; clock       ; 0.000        ; 0.041      ; 0.773      ;
; 0.650 ; twoBCDcounters:dispB|counter0to9:u1|q2 ; twoBCDcounters:dispB|counter0to9:u1|q3 ; clock        ; clock       ; 0.000        ; 0.039      ; 0.773      ;
; 0.656 ; twoBCDcounters:dispA|counter0to9:u1|q3 ; twoBCDcounters:dispA|counter0to9:u1|q0 ; clock        ; clock       ; 0.000        ; 0.050      ; 0.790      ;
; 0.658 ; singlepulse2:sp2|q2                    ; singlepulse2:sp2|q3                    ; clock        ; clock       ; 0.000        ; 0.041      ; 0.783      ;
; 0.658 ; singlepulse:sp1|q3                     ; twoBCDcounters:dispA|counter0to9:u0|q3 ; clock        ; clock       ; 0.000        ; 0.041      ; 0.783      ;
; 0.662 ; singlepulse:sp1|q3                     ; twoBCDcounters:dispA|counter0to9:u0|q0 ; clock        ; clock       ; 0.000        ; 0.041      ; 0.787      ;
; 0.662 ; singlepulse:sp1|q3                     ; twoBCDcounters:dispA|counter0to9:u0|q2 ; clock        ; clock       ; 0.000        ; 0.041      ; 0.787      ;
; 0.663 ; singlepulse:sp1|q3                     ; twoBCDcounters:dispA|counter0to9:u0|q1 ; clock        ; clock       ; 0.000        ; 0.041      ; 0.788      ;
; 0.663 ; singlepulse2:sp2|q1                    ; twoBCDcounters:dispA|counter0to9:u1|q0 ; clock        ; clock       ; 0.000        ; 0.261      ; 1.008      ;
; 0.664 ; singlepulse2:sp2|q1                    ; twoBCDcounters:dispA|counter0to9:u1|q3 ; clock        ; clock       ; 0.000        ; 0.261      ; 1.009      ;
; 0.673 ; singlepulse:sp1|q3                     ; twoBCDcounters:dispB|counter0to9:u1|q0 ; clock        ; clock       ; 0.000        ; 0.039      ; 0.796      ;
; 0.677 ; singlepulse:sp1|q3                     ; twoBCDcounters:dispB|counter0to9:u1|q3 ; clock        ; clock       ; 0.000        ; 0.039      ; 0.800      ;
; 0.680 ; twoBCDcounters:dispB|counter0to9:u0|q0 ; twoBCDcounters:dispB|counter0to9:u1|q0 ; clock        ; clock       ; 0.000        ; 0.043      ; 0.807      ;
; 0.684 ; twoBCDcounters:dispB|counter0to9:u0|q0 ; twoBCDcounters:dispB|counter0to9:u1|q3 ; clock        ; clock       ; 0.000        ; 0.043      ; 0.811      ;
; 0.698 ; twoBCDcounters:dispB|counter0to9:u0|q1 ; twoBCDcounters:dispB|counter0to9:u0|q0 ; clock        ; clock       ; 0.000        ; 0.039      ; 0.821      ;
; 0.700 ; twoBCDcounters:dispA|counter0to9:u0|q0 ; twoBCDcounters:dispA|counter0to9:u1|q2 ; clock        ; clock       ; 0.000        ; 0.058      ; 0.842      ;
; 0.700 ; twoBCDcounters:dispB|counter0to9:u1|q1 ; twoBCDcounters:dispB|counter0to9:u1|q2 ; clock        ; clock       ; 0.000        ; 0.041      ; 0.825      ;
; 0.702 ; singlepulse:sp1|q3                     ; twoBCDcounters:dispB|counter0to9:u1|q1 ; clock        ; clock       ; 0.000        ; 0.041      ; 0.827      ;
; 0.703 ; singlepulse:sp1|q3                     ; twoBCDcounters:dispB|counter0to9:u1|q2 ; clock        ; clock       ; 0.000        ; 0.041      ; 0.828      ;
; 0.703 ; twoBCDcounters:dispB|counter0to9:u0|q0 ; twoBCDcounters:dispB|counter0to9:u0|q3 ; clock        ; clock       ; 0.000        ; 0.043      ; 0.830      ;
; 0.703 ; twoBCDcounters:dispB|counter0to9:u0|q0 ; twoBCDcounters:dispB|counter0to9:u0|q2 ; clock        ; clock       ; 0.000        ; 0.043      ; 0.830      ;
; 0.703 ; twoBCDcounters:dispA|counter0to9:u0|q0 ; twoBCDcounters:dispA|counter0to9:u1|q1 ; clock        ; clock       ; 0.000        ; 0.058      ; 0.845      ;
; 0.709 ; twoBCDcounters:dispB|counter0to9:u0|q0 ; twoBCDcounters:dispB|counter0to9:u1|q1 ; clock        ; clock       ; 0.000        ; 0.045      ; 0.838      ;
; 0.710 ; twoBCDcounters:dispB|counter0to9:u0|q0 ; twoBCDcounters:dispB|counter0to9:u1|q2 ; clock        ; clock       ; 0.000        ; 0.045      ; 0.839      ;
; 0.724 ; singlepulse2:sp2|q3                    ; twoBCDcounters:dispA|counter0to9:u1|q0 ; clock        ; clock       ; 0.000        ; 0.261      ; 1.069      ;
; 0.725 ; singlepulse2:sp2|q3                    ; twoBCDcounters:dispA|counter0to9:u1|q3 ; clock        ; clock       ; 0.000        ; 0.261      ; 1.070      ;
; 0.727 ; singlepulse2:sp2|q1                    ; twoBCDcounters:dispA|counter0to9:u0|q3 ; clock        ; clock       ; 0.000        ; 0.041      ; 0.852      ;
; 0.727 ; twoBCDcounters:dispB|counter0to9:u0|q3 ; twoBCDcounters:dispB|counter0to9:u0|q0 ; clock        ; clock       ; 0.000        ; 0.039      ; 0.850      ;
; 0.728 ; singlepulse:sp1|q2                     ; twoBCDcounters:dispA|counter0to9:u1|q0 ; clock        ; clock       ; 0.000        ; 0.261      ; 1.073      ;
; 0.729 ; singlepulse:sp1|q2                     ; twoBCDcounters:dispA|counter0to9:u1|q3 ; clock        ; clock       ; 0.000        ; 0.261      ; 1.074      ;
; 0.731 ; singlepulse2:sp2|q1                    ; twoBCDcounters:dispA|counter0to9:u0|q0 ; clock        ; clock       ; 0.000        ; 0.041      ; 0.856      ;
; 0.731 ; singlepulse2:sp2|q1                    ; twoBCDcounters:dispA|counter0to9:u0|q2 ; clock        ; clock       ; 0.000        ; 0.041      ; 0.856      ;
; 0.732 ; singlepulse2:sp2|q1                    ; twoBCDcounters:dispA|counter0to9:u0|q1 ; clock        ; clock       ; 0.000        ; 0.041      ; 0.857      ;
; 0.735 ; twoBCDcounters:dispB|counter0to9:u0|q3 ; twoBCDcounters:dispB|counter0to9:u1|q0 ; clock        ; clock       ; 0.000        ; 0.041      ; 0.860      ;
; 0.739 ; twoBCDcounters:dispB|counter0to9:u0|q3 ; twoBCDcounters:dispB|counter0to9:u1|q3 ; clock        ; clock       ; 0.000        ; 0.041      ; 0.864      ;
; 0.741 ; twoBCDcounters:dispA|counter0to9:u0|q0 ; twoBCDcounters:dispA|counter0to9:u0|q2 ; clock        ; clock       ; 0.000        ; 0.041      ; 0.866      ;
; 0.741 ; twoBCDcounters:dispB|counter0to9:u0|q2 ; twoBCDcounters:dispB|counter0to9:u0|q0 ; clock        ; clock       ; 0.000        ; 0.039      ; 0.864      ;
; 0.741 ; twoBCDcounters:dispB|counter0to9:u1|q2 ; twoBCDcounters:dispB|counter0to9:u1|q1 ; clock        ; clock       ; 0.000        ; 0.041      ; 0.866      ;
; 0.742 ; twoBCDcounters:dispA|counter0to9:u0|q3 ; twoBCDcounters:dispA|counter0to9:u0|q2 ; clock        ; clock       ; 0.000        ; 0.041      ; 0.867      ;
+-------+----------------------------------------+----------------------------------------+--------------+-------------+--------------+------------+------------+


+-------------------------------------------------------------------------------------------------------------------------+
; Fast 1200mV 0C Model Minimum Pulse Width: 'clock'                                                                       ;
+--------+--------------+----------------+------------------+-------+------------+----------------------------------------+
; Slack  ; Actual Width ; Required Width ; Type             ; Clock ; Clock Edge ; Target                                 ;
+--------+--------------+----------------+------------------+-------+------------+----------------------------------------+
; -3.000 ; 1.000        ; 4.000          ; Port Rate        ; clock ; Rise       ; clock                                  ;
; -1.000 ; 1.000        ; 2.000          ; Min Period       ; clock ; Rise       ; singlepulse2:sp2|q0                    ;
; -1.000 ; 1.000        ; 2.000          ; Min Period       ; clock ; Rise       ; singlepulse2:sp2|q1                    ;
; -1.000 ; 1.000        ; 2.000          ; Min Period       ; clock ; Rise       ; singlepulse2:sp2|q2                    ;
; -1.000 ; 1.000        ; 2.000          ; Min Period       ; clock ; Rise       ; singlepulse2:sp2|q3                    ;
; -1.000 ; 1.000        ; 2.000          ; Min Period       ; clock ; Rise       ; singlepulse:sp1|q1                     ;
; -1.000 ; 1.000        ; 2.000          ; Min Period       ; clock ; Rise       ; singlepulse:sp1|q2                     ;
; -1.000 ; 1.000        ; 2.000          ; Min Period       ; clock ; Rise       ; singlepulse:sp1|q3                     ;
; -1.000 ; 1.000        ; 2.000          ; Min Period       ; clock ; Rise       ; twoBCDcounters:dispA|counter0to9:u0|q0 ;
; -1.000 ; 1.000        ; 2.000          ; Min Period       ; clock ; Rise       ; twoBCDcounters:dispA|counter0to9:u0|q1 ;
; -1.000 ; 1.000        ; 2.000          ; Min Period       ; clock ; Rise       ; twoBCDcounters:dispA|counter0to9:u0|q2 ;
; -1.000 ; 1.000        ; 2.000          ; Min Period       ; clock ; Rise       ; twoBCDcounters:dispA|counter0to9:u0|q3 ;
; -1.000 ; 1.000        ; 2.000          ; Min Period       ; clock ; Rise       ; twoBCDcounters:dispA|counter0to9:u1|q0 ;
; -1.000 ; 1.000        ; 2.000          ; Min Period       ; clock ; Rise       ; twoBCDcounters:dispA|counter0to9:u1|q1 ;
; -1.000 ; 1.000        ; 2.000          ; Min Period       ; clock ; Rise       ; twoBCDcounters:dispA|counter0to9:u1|q2 ;
; -1.000 ; 1.000        ; 2.000          ; Min Period       ; clock ; Rise       ; twoBCDcounters:dispA|counter0to9:u1|q3 ;
; -1.000 ; 1.000        ; 2.000          ; Min Period       ; clock ; Rise       ; twoBCDcounters:dispB|counter0to9:u0|q0 ;
; -1.000 ; 1.000        ; 2.000          ; Min Period       ; clock ; Rise       ; twoBCDcounters:dispB|counter0to9:u0|q1 ;
; -1.000 ; 1.000        ; 2.000          ; Min Period       ; clock ; Rise       ; twoBCDcounters:dispB|counter0to9:u0|q2 ;
; -1.000 ; 1.000        ; 2.000          ; Min Period       ; clock ; Rise       ; twoBCDcounters:dispB|counter0to9:u0|q3 ;
; -1.000 ; 1.000        ; 2.000          ; Min Period       ; clock ; Rise       ; twoBCDcounters:dispB|counter0to9:u1|q0 ;
; -1.000 ; 1.000        ; 2.000          ; Min Period       ; clock ; Rise       ; twoBCDcounters:dispB|counter0to9:u1|q1 ;
; -1.000 ; 1.000        ; 2.000          ; Min Period       ; clock ; Rise       ; twoBCDcounters:dispB|counter0to9:u1|q2 ;
; -1.000 ; 1.000        ; 2.000          ; Min Period       ; clock ; Rise       ; twoBCDcounters:dispB|counter0to9:u1|q3 ;
; -0.087 ; 0.097        ; 0.184          ; Low Pulse Width  ; clock ; Rise       ; singlepulse:sp1|q1                     ;
; -0.083 ; 0.101        ; 0.184          ; Low Pulse Width  ; clock ; Rise       ; twoBCDcounters:dispA|counter0to9:u1|q0 ;
; -0.083 ; 0.101        ; 0.184          ; Low Pulse Width  ; clock ; Rise       ; twoBCDcounters:dispA|counter0to9:u1|q3 ;
; -0.082 ; 0.102        ; 0.184          ; Low Pulse Width  ; clock ; Rise       ; singlepulse2:sp2|q0                    ;
; -0.060 ; 0.124        ; 0.184          ; Low Pulse Width  ; clock ; Rise       ; singlepulse2:sp2|q1                    ;
; -0.060 ; 0.124        ; 0.184          ; Low Pulse Width  ; clock ; Rise       ; singlepulse2:sp2|q2                    ;
; -0.060 ; 0.124        ; 0.184          ; Low Pulse Width  ; clock ; Rise       ; singlepulse2:sp2|q3                    ;
; -0.060 ; 0.124        ; 0.184          ; Low Pulse Width  ; clock ; Rise       ; singlepulse:sp1|q2                     ;
; -0.060 ; 0.124        ; 0.184          ; Low Pulse Width  ; clock ; Rise       ; singlepulse:sp1|q3                     ;
; -0.060 ; 0.124        ; 0.184          ; Low Pulse Width  ; clock ; Rise       ; twoBCDcounters:dispA|counter0to9:u0|q0 ;
; -0.060 ; 0.124        ; 0.184          ; Low Pulse Width  ; clock ; Rise       ; twoBCDcounters:dispA|counter0to9:u0|q1 ;
; -0.060 ; 0.124        ; 0.184          ; Low Pulse Width  ; clock ; Rise       ; twoBCDcounters:dispA|counter0to9:u0|q2 ;
; -0.060 ; 0.124        ; 0.184          ; Low Pulse Width  ; clock ; Rise       ; twoBCDcounters:dispA|counter0to9:u0|q3 ;
; -0.060 ; 0.124        ; 0.184          ; Low Pulse Width  ; clock ; Rise       ; twoBCDcounters:dispA|counter0to9:u1|q1 ;
; -0.060 ; 0.124        ; 0.184          ; Low Pulse Width  ; clock ; Rise       ; twoBCDcounters:dispA|counter0to9:u1|q2 ;
; -0.060 ; 0.124        ; 0.184          ; Low Pulse Width  ; clock ; Rise       ; twoBCDcounters:dispB|counter0to9:u0|q0 ;
; -0.060 ; 0.124        ; 0.184          ; Low Pulse Width  ; clock ; Rise       ; twoBCDcounters:dispB|counter0to9:u0|q1 ;
; -0.060 ; 0.124        ; 0.184          ; Low Pulse Width  ; clock ; Rise       ; twoBCDcounters:dispB|counter0to9:u0|q2 ;
; -0.060 ; 0.124        ; 0.184          ; Low Pulse Width  ; clock ; Rise       ; twoBCDcounters:dispB|counter0to9:u0|q3 ;
; -0.060 ; 0.124        ; 0.184          ; Low Pulse Width  ; clock ; Rise       ; twoBCDcounters:dispB|counter0to9:u1|q0 ;
; -0.060 ; 0.124        ; 0.184          ; Low Pulse Width  ; clock ; Rise       ; twoBCDcounters:dispB|counter0to9:u1|q1 ;
; -0.060 ; 0.124        ; 0.184          ; Low Pulse Width  ; clock ; Rise       ; twoBCDcounters:dispB|counter0to9:u1|q2 ;
; -0.060 ; 0.124        ; 0.184          ; Low Pulse Width  ; clock ; Rise       ; twoBCDcounters:dispB|counter0to9:u1|q3 ;
; 0.093  ; 0.093        ; 0.000          ; Low Pulse Width  ; clock ; Rise       ; sp1|q1|clk                             ;
; 0.097  ; 0.097        ; 0.000          ; Low Pulse Width  ; clock ; Rise       ; dispA|u1|q0|clk                        ;
; 0.097  ; 0.097        ; 0.000          ; Low Pulse Width  ; clock ; Rise       ; dispA|u1|q3|clk                        ;
; 0.098  ; 0.098        ; 0.000          ; Low Pulse Width  ; clock ; Rise       ; sp2|q0|clk                             ;
; 0.119  ; 0.119        ; 0.000          ; Low Pulse Width  ; clock ; Rise       ; dispA|u0|q0|clk                        ;
; 0.119  ; 0.119        ; 0.000          ; Low Pulse Width  ; clock ; Rise       ; dispA|u0|q1|clk                        ;
; 0.119  ; 0.119        ; 0.000          ; Low Pulse Width  ; clock ; Rise       ; dispA|u0|q2|clk                        ;
; 0.119  ; 0.119        ; 0.000          ; Low Pulse Width  ; clock ; Rise       ; dispA|u0|q3|clk                        ;
; 0.119  ; 0.119        ; 0.000          ; Low Pulse Width  ; clock ; Rise       ; dispA|u1|q1|clk                        ;
; 0.119  ; 0.119        ; 0.000          ; Low Pulse Width  ; clock ; Rise       ; dispA|u1|q2|clk                        ;
; 0.119  ; 0.119        ; 0.000          ; Low Pulse Width  ; clock ; Rise       ; dispB|u1|q1|clk                        ;
; 0.119  ; 0.119        ; 0.000          ; Low Pulse Width  ; clock ; Rise       ; dispB|u1|q2|clk                        ;
; 0.119  ; 0.119        ; 0.000          ; Low Pulse Width  ; clock ; Rise       ; sp1|q2|clk                             ;
; 0.119  ; 0.119        ; 0.000          ; Low Pulse Width  ; clock ; Rise       ; sp1|q3|clk                             ;
; 0.119  ; 0.119        ; 0.000          ; Low Pulse Width  ; clock ; Rise       ; sp2|q1|clk                             ;
; 0.119  ; 0.119        ; 0.000          ; Low Pulse Width  ; clock ; Rise       ; sp2|q2|clk                             ;
; 0.119  ; 0.119        ; 0.000          ; Low Pulse Width  ; clock ; Rise       ; sp2|q3|clk                             ;
; 0.120  ; 0.120        ; 0.000          ; Low Pulse Width  ; clock ; Rise       ; clock~input|o                          ;
; 0.120  ; 0.120        ; 0.000          ; Low Pulse Width  ; clock ; Rise       ; dispB|u0|q0|clk                        ;
; 0.120  ; 0.120        ; 0.000          ; Low Pulse Width  ; clock ; Rise       ; dispB|u0|q1|clk                        ;
; 0.120  ; 0.120        ; 0.000          ; Low Pulse Width  ; clock ; Rise       ; dispB|u0|q2|clk                        ;
; 0.120  ; 0.120        ; 0.000          ; Low Pulse Width  ; clock ; Rise       ; dispB|u0|q3|clk                        ;
; 0.120  ; 0.120        ; 0.000          ; Low Pulse Width  ; clock ; Rise       ; dispB|u1|q0|clk                        ;
; 0.120  ; 0.120        ; 0.000          ; Low Pulse Width  ; clock ; Rise       ; dispB|u1|q3|clk                        ;
; 0.133  ; 0.133        ; 0.000          ; Low Pulse Width  ; clock ; Rise       ; clock~inputclkctrl|inclk[0]            ;
; 0.133  ; 0.133        ; 0.000          ; Low Pulse Width  ; clock ; Rise       ; clock~inputclkctrl|outclk              ;
; 0.500  ; 0.500        ; 0.000          ; High Pulse Width ; clock ; Rise       ; clock~input|i                          ;
; 0.500  ; 0.500        ; 0.000          ; Low Pulse Width  ; clock ; Rise       ; clock~input|i                          ;
; 0.658  ; 0.874        ; 0.216          ; High Pulse Width ; clock ; Rise       ; twoBCDcounters:dispB|counter0to9:u0|q0 ;
; 0.658  ; 0.874        ; 0.216          ; High Pulse Width ; clock ; Rise       ; twoBCDcounters:dispB|counter0to9:u0|q1 ;
; 0.658  ; 0.874        ; 0.216          ; High Pulse Width ; clock ; Rise       ; twoBCDcounters:dispB|counter0to9:u0|q2 ;
; 0.658  ; 0.874        ; 0.216          ; High Pulse Width ; clock ; Rise       ; twoBCDcounters:dispB|counter0to9:u0|q3 ;
; 0.658  ; 0.874        ; 0.216          ; High Pulse Width ; clock ; Rise       ; twoBCDcounters:dispB|counter0to9:u1|q0 ;
; 0.658  ; 0.874        ; 0.216          ; High Pulse Width ; clock ; Rise       ; twoBCDcounters:dispB|counter0to9:u1|q3 ;
; 0.659  ; 0.875        ; 0.216          ; High Pulse Width ; clock ; Rise       ; singlepulse2:sp2|q1                    ;
; 0.659  ; 0.875        ; 0.216          ; High Pulse Width ; clock ; Rise       ; singlepulse2:sp2|q2                    ;
; 0.659  ; 0.875        ; 0.216          ; High Pulse Width ; clock ; Rise       ; singlepulse2:sp2|q3                    ;
; 0.659  ; 0.875        ; 0.216          ; High Pulse Width ; clock ; Rise       ; singlepulse:sp1|q2                     ;
; 0.659  ; 0.875        ; 0.216          ; High Pulse Width ; clock ; Rise       ; singlepulse:sp1|q3                     ;
; 0.659  ; 0.875        ; 0.216          ; High Pulse Width ; clock ; Rise       ; twoBCDcounters:dispA|counter0to9:u0|q0 ;
; 0.659  ; 0.875        ; 0.216          ; High Pulse Width ; clock ; Rise       ; twoBCDcounters:dispA|counter0to9:u0|q1 ;
; 0.659  ; 0.875        ; 0.216          ; High Pulse Width ; clock ; Rise       ; twoBCDcounters:dispA|counter0to9:u0|q2 ;
; 0.659  ; 0.875        ; 0.216          ; High Pulse Width ; clock ; Rise       ; twoBCDcounters:dispA|counter0to9:u0|q3 ;
; 0.659  ; 0.875        ; 0.216          ; High Pulse Width ; clock ; Rise       ; twoBCDcounters:dispA|counter0to9:u1|q1 ;
; 0.659  ; 0.875        ; 0.216          ; High Pulse Width ; clock ; Rise       ; twoBCDcounters:dispA|counter0to9:u1|q2 ;
; 0.659  ; 0.875        ; 0.216          ; High Pulse Width ; clock ; Rise       ; twoBCDcounters:dispB|counter0to9:u1|q1 ;
; 0.659  ; 0.875        ; 0.216          ; High Pulse Width ; clock ; Rise       ; twoBCDcounters:dispB|counter0to9:u1|q2 ;
; 0.680  ; 0.896        ; 0.216          ; High Pulse Width ; clock ; Rise       ; singlepulse2:sp2|q0                    ;
; 0.680  ; 0.896        ; 0.216          ; High Pulse Width ; clock ; Rise       ; twoBCDcounters:dispA|counter0to9:u1|q0 ;
; 0.680  ; 0.896        ; 0.216          ; High Pulse Width ; clock ; Rise       ; twoBCDcounters:dispA|counter0to9:u1|q3 ;
; 0.684  ; 0.900        ; 0.216          ; High Pulse Width ; clock ; Rise       ; singlepulse:sp1|q1                     ;
; 0.866  ; 0.866        ; 0.000          ; High Pulse Width ; clock ; Rise       ; clock~inputclkctrl|inclk[0]            ;
; 0.866  ; 0.866        ; 0.000          ; High Pulse Width ; clock ; Rise       ; clock~inputclkctrl|outclk              ;
+--------+--------------+----------------+------------------+-------+------------+----------------------------------------+


+-----------------------------------------------------------------------+
; Setup Times                                                           ;
+-----------+------------+-------+-------+------------+-----------------+
; Data Port ; Clock Port ; Rise  ; Fall  ; Clock Edge ; Clock Reference ;
+-----------+------------+-------+-------+------------+-----------------+
; ab        ; clock      ; 1.596 ; 2.235 ; Rise       ; clock           ;
; clear     ; clock      ; 1.939 ; 2.734 ; Rise       ; clock           ;
; pb1       ; clock      ; 2.394 ; 2.689 ; Rise       ; clock           ;
; pb2       ; clock      ; 2.961 ; 3.291 ; Rise       ; clock           ;
+-----------+------------+-------+-------+------------+-----------------+


+-------------------------------------------------------------------------+
; Hold Times                                                              ;
+-----------+------------+--------+--------+------------+-----------------+
; Data Port ; Clock Port ; Rise   ; Fall   ; Clock Edge ; Clock Reference ;
+-----------+------------+--------+--------+------------+-----------------+
; ab        ; clock      ; -0.969 ; -1.634 ; Rise       ; clock           ;
; clear     ; clock      ; -1.009 ; -1.728 ; Rise       ; clock           ;
; pb1       ; clock      ; -2.088 ; -2.387 ; Rise       ; clock           ;
; pb2       ; clock      ; -2.633 ; -2.965 ; Rise       ; clock           ;
+-----------+------------+--------+--------+------------+-----------------+


+-----------------------------------------------------------------------+
; Clock to Output Times                                                 ;
+-----------+------------+-------+-------+------------+-----------------+
; Data Port ; Clock Port ; Rise  ; Fall  ; Clock Edge ; Clock Reference ;
+-----------+------------+-------+-------+------------+-----------------+
; DAt[*]    ; clock      ; 4.770 ; 4.852 ; Rise       ; clock           ;
;  DAt[0]   ; clock      ; 4.319 ; 4.335 ; Rise       ; clock           ;
;  DAt[1]   ; clock      ; 4.393 ; 4.456 ; Rise       ; clock           ;
;  DAt[2]   ; clock      ; 4.706 ; 4.760 ; Rise       ; clock           ;
;  DAt[3]   ; clock      ; 4.643 ; 4.705 ; Rise       ; clock           ;
;  DAt[4]   ; clock      ; 4.449 ; 4.555 ; Rise       ; clock           ;
;  DAt[5]   ; clock      ; 4.469 ; 4.501 ; Rise       ; clock           ;
;  DAt[6]   ; clock      ; 4.770 ; 4.852 ; Rise       ; clock           ;
; DAu[*]    ; clock      ; 5.426 ; 5.631 ; Rise       ; clock           ;
;  DAu[0]   ; clock      ; 4.504 ; 4.579 ; Rise       ; clock           ;
;  DAu[1]   ; clock      ; 4.564 ; 4.605 ; Rise       ; clock           ;
;  DAu[2]   ; clock      ; 4.588 ; 4.602 ; Rise       ; clock           ;
;  DAu[3]   ; clock      ; 4.374 ; 4.457 ; Rise       ; clock           ;
;  DAu[4]   ; clock      ; 4.442 ; 4.527 ; Rise       ; clock           ;
;  DAu[5]   ; clock      ; 5.426 ; 5.631 ; Rise       ; clock           ;
;  DAu[6]   ; clock      ; 4.349 ; 4.372 ; Rise       ; clock           ;
; DBt[*]    ; clock      ; 5.268 ; 5.391 ; Rise       ; clock           ;
;  DBt[0]   ; clock      ; 4.382 ; 4.401 ; Rise       ; clock           ;
;  DBt[1]   ; clock      ; 5.268 ; 5.391 ; Rise       ; clock           ;
;  DBt[2]   ; clock      ; 4.556 ; 4.602 ; Rise       ; clock           ;
;  DBt[3]   ; clock      ; 4.364 ; 4.417 ; Rise       ; clock           ;
;  DBt[4]   ; clock      ; 4.288 ; 4.399 ; Rise       ; clock           ;
;  DBt[5]   ; clock      ; 4.206 ; 4.287 ; Rise       ; clock           ;
;  DBt[6]   ; clock      ; 4.577 ; 4.619 ; Rise       ; clock           ;
; DBu[*]    ; clock      ; 4.475 ; 4.575 ; Rise       ; clock           ;
;  DBu[0]   ; clock      ; 4.475 ; 4.575 ; Rise       ; clock           ;
;  DBu[1]   ; clock      ; 4.361 ; 4.477 ; Rise       ; clock           ;
;  DBu[2]   ; clock      ; 4.388 ; 4.385 ; Rise       ; clock           ;
;  DBu[3]   ; clock      ; 4.425 ; 4.451 ; Rise       ; clock           ;
;  DBu[4]   ; clock      ; 4.061 ; 4.019 ; Rise       ; clock           ;
;  DBu[5]   ; clock      ; 4.024 ; 4.102 ; Rise       ; clock           ;
;  DBu[6]   ; clock      ; 4.161 ; 4.171 ; Rise       ; clock           ;
+-----------+------------+-------+-------+------------+-----------------+


+-----------------------------------------------------------------------+
; Minimum Clock to Output Times                                         ;
+-----------+------------+-------+-------+------------+-----------------+
; Data Port ; Clock Port ; Rise  ; Fall  ; Clock Edge ; Clock Reference ;
+-----------+------------+-------+-------+------------+-----------------+
; DAt[*]    ; clock      ; 3.763 ; 3.792 ; Rise       ; clock           ;
;  DAt[0]   ; clock      ; 3.763 ; 3.792 ; Rise       ; clock           ;
;  DAt[1]   ; clock      ; 3.870 ; 3.960 ; Rise       ; clock           ;
;  DAt[2]   ; clock      ; 4.146 ; 4.244 ; Rise       ; clock           ;
;  DAt[3]   ; clock      ; 4.088 ; 4.160 ; Rise       ; clock           ;
;  DAt[4]   ; clock      ; 4.021 ; 4.014 ; Rise       ; clock           ;
;  DAt[5]   ; clock      ; 3.977 ; 3.966 ; Rise       ; clock           ;
;  DAt[6]   ; clock      ; 4.210 ; 4.317 ; Rise       ; clock           ;
; DAu[*]    ; clock      ; 3.862 ; 3.899 ; Rise       ; clock           ;
;  DAu[0]   ; clock      ; 4.011 ; 4.077 ; Rise       ; clock           ;
;  DAu[1]   ; clock      ; 4.072 ; 4.189 ; Rise       ; clock           ;
;  DAu[2]   ; clock      ; 4.067 ; 4.129 ; Rise       ; clock           ;
;  DAu[3]   ; clock      ; 4.112 ; 4.183 ; Rise       ; clock           ;
;  DAu[4]   ; clock      ; 4.181 ; 4.310 ; Rise       ; clock           ;
;  DAu[5]   ; clock      ; 5.078 ; 5.129 ; Rise       ; clock           ;
;  DAu[6]   ; clock      ; 3.862 ; 3.899 ; Rise       ; clock           ;
; DBt[*]    ; clock      ; 3.936 ; 4.014 ; Rise       ; clock           ;
;  DBt[0]   ; clock      ; 4.038 ; 4.076 ; Rise       ; clock           ;
;  DBt[1]   ; clock      ; 4.971 ; 5.067 ; Rise       ; clock           ;
;  DBt[2]   ; clock      ; 4.222 ; 4.361 ; Rise       ; clock           ;
;  DBt[3]   ; clock      ; 3.997 ; 4.043 ; Rise       ; clock           ;
;  DBt[4]   ; clock      ; 4.042 ; 4.053 ; Rise       ; clock           ;
;  DBt[5]   ; clock      ; 3.936 ; 4.014 ; Rise       ; clock           ;
;  DBt[6]   ; clock      ; 4.105 ; 4.172 ; Rise       ; clock           ;
; DBu[*]    ; clock      ; 3.651 ; 3.717 ; Rise       ; clock           ;
;  DBu[0]   ; clock      ; 4.067 ; 4.126 ; Rise       ; clock           ;
;  DBu[1]   ; clock      ; 3.959 ; 4.032 ; Rise       ; clock           ;
;  DBu[2]   ; clock      ; 3.940 ; 4.031 ; Rise       ; clock           ;
;  DBu[3]   ; clock      ; 4.071 ; 4.125 ; Rise       ; clock           ;
;  DBu[4]   ; clock      ; 3.749 ; 3.832 ; Rise       ; clock           ;
;  DBu[5]   ; clock      ; 3.651 ; 3.717 ; Rise       ; clock           ;
;  DBu[6]   ; clock      ; 3.738 ; 3.813 ; Rise       ; clock           ;
+-----------+------------+-------+-------+------------+-----------------+


---------------------------------------------
; Fast 1200mV 0C Model Metastability Report ;
---------------------------------------------
No synchronizer chains to report.


+-------------------------------------------------------------------------------+
; Multicorner Timing Analysis Summary                                           ;
+------------------+---------+-------+----------+---------+---------------------+
; Clock            ; Setup   ; Hold  ; Recovery ; Removal ; Minimum Pulse Width ;
+------------------+---------+-------+----------+---------+---------------------+
; Worst-case Slack ; -1.664  ; 0.173 ; N/A      ; N/A     ; -3.000              ;
;  clock           ; -1.664  ; 0.173 ; N/A      ; N/A     ; -3.000              ;
; Design-wide TNS  ; -25.916 ; 0.0   ; 0.0      ; 0.0     ; -32.555             ;
;  clock           ; -25.916 ; 0.000 ; N/A      ; N/A     ; -32.555             ;
+------------------+---------+-------+----------+---------+---------------------+


+-----------------------------------------------------------------------+
; Setup Times                                                           ;
+-----------+------------+-------+-------+------------+-----------------+
; Data Port ; Clock Port ; Rise  ; Fall  ; Clock Edge ; Clock Reference ;
+-----------+------------+-------+-------+------------+-----------------+
; ab        ; clock      ; 3.266 ; 3.672 ; Rise       ; clock           ;
; clear     ; clock      ; 4.088 ; 4.542 ; Rise       ; clock           ;
; pb1       ; clock      ; 4.591 ; 4.820 ; Rise       ; clock           ;
; pb2       ; clock      ; 5.506 ; 5.971 ; Rise       ; clock           ;
+-----------+------------+-------+-------+------------+-----------------+


+-------------------------------------------------------------------------+
; Hold Times                                                              ;
+-----------+------------+--------+--------+------------+-----------------+
; Data Port ; Clock Port ; Rise   ; Fall   ; Clock Edge ; Clock Reference ;
+-----------+------------+--------+--------+------------+-----------------+
; ab        ; clock      ; -0.969 ; -1.634 ; Rise       ; clock           ;
; clear     ; clock      ; -1.009 ; -1.728 ; Rise       ; clock           ;
; pb1       ; clock      ; -2.088 ; -2.387 ; Rise       ; clock           ;
; pb2       ; clock      ; -2.633 ; -2.965 ; Rise       ; clock           ;
+-----------+------------+--------+--------+------------+-----------------+


+-------------------------------------------------------------------------+
; Clock to Output Times                                                   ;
+-----------+------------+--------+--------+------------+-----------------+
; Data Port ; Clock Port ; Rise   ; Fall   ; Clock Edge ; Clock Reference ;
+-----------+------------+--------+--------+------------+-----------------+
; DAt[*]    ; clock      ; 9.215  ; 9.071  ; Rise       ; clock           ;
;  DAt[0]   ; clock      ; 8.264  ; 8.158  ; Rise       ; clock           ;
;  DAt[1]   ; clock      ; 8.447  ; 8.364  ; Rise       ; clock           ;
;  DAt[2]   ; clock      ; 9.033  ; 8.869  ; Rise       ; clock           ;
;  DAt[3]   ; clock      ; 8.848  ; 8.763  ; Rise       ; clock           ;
;  DAt[4]   ; clock      ; 8.600  ; 8.536  ; Rise       ; clock           ;
;  DAt[5]   ; clock      ; 8.560  ; 8.437  ; Rise       ; clock           ;
;  DAt[6]   ; clock      ; 9.215  ; 9.071  ; Rise       ; clock           ;
; DAu[*]    ; clock      ; 10.104 ; 10.136 ; Rise       ; clock           ;
;  DAu[0]   ; clock      ; 8.628  ; 8.572  ; Rise       ; clock           ;
;  DAu[1]   ; clock      ; 8.730  ; 8.586  ; Rise       ; clock           ;
;  DAu[2]   ; clock      ; 8.800  ; 8.634  ; Rise       ; clock           ;
;  DAu[3]   ; clock      ; 8.375  ; 8.328  ; Rise       ; clock           ;
;  DAu[4]   ; clock      ; 8.525  ; 8.461  ; Rise       ; clock           ;
;  DAu[5]   ; clock      ; 10.104 ; 10.136 ; Rise       ; clock           ;
;  DAu[6]   ; clock      ; 8.287  ; 8.161  ; Rise       ; clock           ;
; DBt[*]    ; clock      ; 9.696  ; 9.695  ; Rise       ; clock           ;
;  DBt[0]   ; clock      ; 8.390  ; 8.233  ; Rise       ; clock           ;
;  DBt[1]   ; clock      ; 9.696  ; 9.695  ; Rise       ; clock           ;
;  DBt[2]   ; clock      ; 8.732  ; 8.588  ; Rise       ; clock           ;
;  DBt[3]   ; clock      ; 8.299  ; 8.199  ; Rise       ; clock           ;
;  DBt[4]   ; clock      ; 8.223  ; 8.176  ; Rise       ; clock           ;
;  DBt[5]   ; clock      ; 8.095  ; 8.021  ; Rise       ; clock           ;
;  DBt[6]   ; clock      ; 8.739  ; 8.623  ; Rise       ; clock           ;
; DBu[*]    ; clock      ; 8.636  ; 8.534  ; Rise       ; clock           ;
;  DBu[0]   ; clock      ; 8.636  ; 8.534  ; Rise       ; clock           ;
;  DBu[1]   ; clock      ; 8.319  ; 8.329  ; Rise       ; clock           ;
;  DBu[2]   ; clock      ; 8.357  ; 8.208  ; Rise       ; clock           ;
;  DBu[3]   ; clock      ; 8.382  ; 8.230  ; Rise       ; clock           ;
;  DBu[4]   ; clock      ; 7.713  ; 7.585  ; Rise       ; clock           ;
;  DBu[5]   ; clock      ; 7.685  ; 7.667  ; Rise       ; clock           ;
;  DBu[6]   ; clock      ; 7.941  ; 7.805  ; Rise       ; clock           ;
+-----------+------------+--------+--------+------------+-----------------+


+-----------------------------------------------------------------------+
; Minimum Clock to Output Times                                         ;
+-----------+------------+-------+-------+------------+-----------------+
; Data Port ; Clock Port ; Rise  ; Fall  ; Clock Edge ; Clock Reference ;
+-----------+------------+-------+-------+------------+-----------------+
; DAt[*]    ; clock      ; 3.763 ; 3.792 ; Rise       ; clock           ;
;  DAt[0]   ; clock      ; 3.763 ; 3.792 ; Rise       ; clock           ;
;  DAt[1]   ; clock      ; 3.870 ; 3.960 ; Rise       ; clock           ;
;  DAt[2]   ; clock      ; 4.146 ; 4.244 ; Rise       ; clock           ;
;  DAt[3]   ; clock      ; 4.088 ; 4.160 ; Rise       ; clock           ;
;  DAt[4]   ; clock      ; 4.021 ; 4.014 ; Rise       ; clock           ;
;  DAt[5]   ; clock      ; 3.977 ; 3.966 ; Rise       ; clock           ;
;  DAt[6]   ; clock      ; 4.210 ; 4.317 ; Rise       ; clock           ;
; DAu[*]    ; clock      ; 3.862 ; 3.899 ; Rise       ; clock           ;
;  DAu[0]   ; clock      ; 4.011 ; 4.077 ; Rise       ; clock           ;
;  DAu[1]   ; clock      ; 4.072 ; 4.189 ; Rise       ; clock           ;
;  DAu[2]   ; clock      ; 4.067 ; 4.129 ; Rise       ; clock           ;
;  DAu[3]   ; clock      ; 4.112 ; 4.183 ; Rise       ; clock           ;
;  DAu[4]   ; clock      ; 4.181 ; 4.310 ; Rise       ; clock           ;
;  DAu[5]   ; clock      ; 5.078 ; 5.129 ; Rise       ; clock           ;
;  DAu[6]   ; clock      ; 3.862 ; 3.899 ; Rise       ; clock           ;
; DBt[*]    ; clock      ; 3.936 ; 4.014 ; Rise       ; clock           ;
;  DBt[0]   ; clock      ; 4.038 ; 4.076 ; Rise       ; clock           ;
;  DBt[1]   ; clock      ; 4.971 ; 5.067 ; Rise       ; clock           ;
;  DBt[2]   ; clock      ; 4.222 ; 4.361 ; Rise       ; clock           ;
;  DBt[3]   ; clock      ; 3.997 ; 4.043 ; Rise       ; clock           ;
;  DBt[4]   ; clock      ; 4.042 ; 4.053 ; Rise       ; clock           ;
;  DBt[5]   ; clock      ; 3.936 ; 4.014 ; Rise       ; clock           ;
;  DBt[6]   ; clock      ; 4.105 ; 4.172 ; Rise       ; clock           ;
; DBu[*]    ; clock      ; 3.651 ; 3.717 ; Rise       ; clock           ;
;  DBu[0]   ; clock      ; 4.067 ; 4.126 ; Rise       ; clock           ;
;  DBu[1]   ; clock      ; 3.959 ; 4.032 ; Rise       ; clock           ;
;  DBu[2]   ; clock      ; 3.940 ; 4.031 ; Rise       ; clock           ;
;  DBu[3]   ; clock      ; 4.071 ; 4.125 ; Rise       ; clock           ;
;  DBu[4]   ; clock      ; 3.749 ; 3.832 ; Rise       ; clock           ;
;  DBu[5]   ; clock      ; 3.651 ; 3.717 ; Rise       ; clock           ;
;  DBu[6]   ; clock      ; 3.738 ; 3.813 ; Rise       ; clock           ;
+-----------+------------+-------+-------+------------+-----------------+


+------------------------------------------------------------------------------------------------------------------------------------------------------------------------------------------------------------------------------------------------------------------------------------------------------------------------------------------------------------------------------------------------------------------+
; Board Trace Model Assignments                                                                                                                                                                                                                                                                                                                                                                                    ;
+---------------+--------------+-------------------+-------------------------+-------------------------+---------------+---------------------+----------------+------------------+--------+------------------+------------------------+------------------------+--------------+---------------+-----------------+-------+---------------------+--------------------+---------------+-----------------+-------------+
; Pin           ; I/O Standard ; Near Tline Length ; Near Tline L per Length ; Near Tline C per Length ; Near Series R ; Near Differential R ; Near Pull-up R ; Near Pull-down R ; Near C ; Far Tline Length ; Far Tline L per Length ; Far Tline C per Length ; Far Series R ; Far Pull-up R ; Far Pull-down R ; Far C ; Termination Voltage ; Far Differential R ; EBD File Name ; EBD Signal Name ; EBD Far-end ;
+---------------+--------------+-------------------+-------------------------+-------------------------+---------------+---------------------+----------------+------------------+--------+------------------+------------------------+------------------------+--------------+---------------+-----------------+-------+---------------------+--------------------+---------------+-----------------+-------------+
; DAu[6]        ; 2.5 V        ; 0 in              ; 0 H/in                  ; 0 F/in                  ; short         ; -                   ; open           ; open             ; open   ; 0 in             ; 0 H/in                 ; 0 F/in                 ; short        ; open          ; open            ; open  ; 0 V                 ; -                  ; n/a           ; n/a             ; n/a         ;
; DAu[5]        ; 2.5 V        ; 0 in              ; 0 H/in                  ; 0 F/in                  ; short         ; -                   ; open           ; open             ; open   ; 0 in             ; 0 H/in                 ; 0 F/in                 ; short        ; open          ; open            ; open  ; 0 V                 ; -                  ; n/a           ; n/a             ; n/a         ;
; DAu[4]        ; 2.5 V        ; 0 in              ; 0 H/in                  ; 0 F/in                  ; short         ; -                   ; open           ; open             ; open   ; 0 in             ; 0 H/in                 ; 0 F/in                 ; short        ; open          ; open            ; open  ; 0 V                 ; -                  ; n/a           ; n/a             ; n/a         ;
; DAu[3]        ; 2.5 V        ; 0 in              ; 0 H/in                  ; 0 F/in                  ; short         ; -                   ; open           ; open             ; open   ; 0 in             ; 0 H/in                 ; 0 F/in                 ; short        ; open          ; open            ; open  ; 0 V                 ; -                  ; n/a           ; n/a             ; n/a         ;
; DAu[2]        ; 2.5 V        ; 0 in              ; 0 H/in                  ; 0 F/in                  ; short         ; -                   ; open           ; open             ; open   ; 0 in             ; 0 H/in                 ; 0 F/in                 ; short        ; open          ; open            ; open  ; 0 V                 ; -                  ; n/a           ; n/a             ; n/a         ;
; DAu[1]        ; 2.5 V        ; 0 in              ; 0 H/in                  ; 0 F/in                  ; short         ; -                   ; open           ; open             ; open   ; 0 in             ; 0 H/in                 ; 0 F/in                 ; short        ; open          ; open            ; open  ; 0 V                 ; -                  ; n/a           ; n/a             ; n/a         ;
; DAu[0]        ; 2.5 V        ; 0 in              ; 0 H/in                  ; 0 F/in                  ; short         ; -                   ; open           ; open             ; open   ; 0 in             ; 0 H/in                 ; 0 F/in                 ; short        ; open          ; open            ; open  ; 0 V                 ; -                  ; n/a           ; n/a             ; n/a         ;
; DAt[6]        ; 2.5 V        ; 0 in              ; 0 H/in                  ; 0 F/in                  ; short         ; -                   ; open           ; open             ; open   ; 0 in             ; 0 H/in                 ; 0 F/in                 ; short        ; open          ; open            ; open  ; 0 V                 ; -                  ; n/a           ; n/a             ; n/a         ;
; DAt[5]        ; 2.5 V        ; 0 in              ; 0 H/in                  ; 0 F/in                  ; short         ; -                   ; open           ; open             ; open   ; 0 in             ; 0 H/in                 ; 0 F/in                 ; short        ; open          ; open            ; open  ; 0 V                 ; -                  ; n/a           ; n/a             ; n/a         ;
; DAt[4]        ; 2.5 V        ; 0 in              ; 0 H/in                  ; 0 F/in                  ; short         ; -                   ; open           ; open             ; open   ; 0 in             ; 0 H/in                 ; 0 F/in                 ; short        ; open          ; open            ; open  ; 0 V                 ; -                  ; n/a           ; n/a             ; n/a         ;
; DAt[3]        ; 2.5 V        ; 0 in              ; 0 H/in                  ; 0 F/in                  ; short         ; -                   ; open           ; open             ; open   ; 0 in             ; 0 H/in                 ; 0 F/in                 ; short        ; open          ; open            ; open  ; 0 V                 ; -                  ; n/a           ; n/a             ; n/a         ;
; DAt[2]        ; 2.5 V        ; 0 in              ; 0 H/in                  ; 0 F/in                  ; short         ; -                   ; open           ; open             ; open   ; 0 in             ; 0 H/in                 ; 0 F/in                 ; short        ; open          ; open            ; open  ; 0 V                 ; -                  ; n/a           ; n/a             ; n/a         ;
; DAt[1]        ; 2.5 V        ; 0 in              ; 0 H/in                  ; 0 F/in                  ; short         ; -                   ; open           ; open             ; open   ; 0 in             ; 0 H/in                 ; 0 F/in                 ; short        ; open          ; open            ; open  ; 0 V                 ; -                  ; n/a           ; n/a             ; n/a         ;
; DAt[0]        ; 2.5 V        ; 0 in              ; 0 H/in                  ; 0 F/in                  ; short         ; -                   ; open           ; open             ; open   ; 0 in             ; 0 H/in                 ; 0 F/in                 ; short        ; open          ; open            ; open  ; 0 V                 ; -                  ; n/a           ; n/a             ; n/a         ;
; DBu[6]        ; 2.5 V        ; 0 in              ; 0 H/in                  ; 0 F/in                  ; short         ; -                   ; open           ; open             ; open   ; 0 in             ; 0 H/in                 ; 0 F/in                 ; short        ; open          ; open            ; open  ; 0 V                 ; -                  ; n/a           ; n/a             ; n/a         ;
; DBu[5]        ; 2.5 V        ; 0 in              ; 0 H/in                  ; 0 F/in                  ; short         ; -                   ; open           ; open             ; open   ; 0 in             ; 0 H/in                 ; 0 F/in                 ; short        ; open          ; open            ; open  ; 0 V                 ; -                  ; n/a           ; n/a             ; n/a         ;
; DBu[4]        ; 2.5 V        ; 0 in              ; 0 H/in                  ; 0 F/in                  ; short         ; -                   ; open           ; open             ; open   ; 0 in             ; 0 H/in                 ; 0 F/in                 ; short        ; open          ; open            ; open  ; 0 V                 ; -                  ; n/a           ; n/a             ; n/a         ;
; DBu[3]        ; 2.5 V        ; 0 in              ; 0 H/in                  ; 0 F/in                  ; short         ; -                   ; open           ; open             ; open   ; 0 in             ; 0 H/in                 ; 0 F/in                 ; short        ; open          ; open            ; open  ; 0 V                 ; -                  ; n/a           ; n/a             ; n/a         ;
; DBu[2]        ; 2.5 V        ; 0 in              ; 0 H/in                  ; 0 F/in                  ; short         ; -                   ; open           ; open             ; open   ; 0 in             ; 0 H/in                 ; 0 F/in                 ; short        ; open          ; open            ; open  ; 0 V                 ; -                  ; n/a           ; n/a             ; n/a         ;
; DBu[1]        ; 2.5 V        ; 0 in              ; 0 H/in                  ; 0 F/in                  ; short         ; -                   ; open           ; open             ; open   ; 0 in             ; 0 H/in                 ; 0 F/in                 ; short        ; open          ; open            ; open  ; 0 V                 ; -                  ; n/a           ; n/a             ; n/a         ;
; DBu[0]        ; 2.5 V        ; 0 in              ; 0 H/in                  ; 0 F/in                  ; short         ; -                   ; open           ; open             ; open   ; 0 in             ; 0 H/in                 ; 0 F/in                 ; short        ; open          ; open            ; open  ; 0 V                 ; -                  ; n/a           ; n/a             ; n/a         ;
; DBt[6]        ; 2.5 V        ; 0 in              ; 0 H/in                  ; 0 F/in                  ; short         ; -                   ; open           ; open             ; open   ; 0 in             ; 0 H/in                 ; 0 F/in                 ; short        ; open          ; open            ; open  ; 0 V                 ; -                  ; n/a           ; n/a             ; n/a         ;
; DBt[5]        ; 2.5 V        ; 0 in              ; 0 H/in                  ; 0 F/in                  ; short         ; -                   ; open           ; open             ; open   ; 0 in             ; 0 H/in                 ; 0 F/in                 ; short        ; open          ; open            ; open  ; 0 V                 ; -                  ; n/a           ; n/a             ; n/a         ;
; DBt[4]        ; 2.5 V        ; 0 in              ; 0 H/in                  ; 0 F/in                  ; short         ; -                   ; open           ; open             ; open   ; 0 in             ; 0 H/in                 ; 0 F/in                 ; short        ; open          ; open            ; open  ; 0 V                 ; -                  ; n/a           ; n/a             ; n/a         ;
; DBt[3]        ; 2.5 V        ; 0 in              ; 0 H/in                  ; 0 F/in                  ; short         ; -                   ; open           ; open             ; open   ; 0 in             ; 0 H/in                 ; 0 F/in                 ; short        ; open          ; open            ; open  ; 0 V                 ; -                  ; n/a           ; n/a             ; n/a         ;
; DBt[2]        ; 2.5 V        ; 0 in              ; 0 H/in                  ; 0 F/in                  ; short         ; -                   ; open           ; open             ; open   ; 0 in             ; 0 H/in                 ; 0 F/in                 ; short        ; open          ; open            ; open  ; 0 V                 ; -                  ; n/a           ; n/a             ; n/a         ;
; DBt[1]        ; 2.5 V        ; 0 in              ; 0 H/in                  ; 0 F/in                  ; short         ; -                   ; open           ; open             ; open   ; 0 in             ; 0 H/in                 ; 0 F/in                 ; short        ; open          ; open            ; open  ; 0 V                 ; -                  ; n/a           ; n/a             ; n/a         ;
; DBt[0]        ; 2.5 V        ; 0 in              ; 0 H/in                  ; 0 F/in                  ; short         ; -                   ; open           ; open             ; open   ; 0 in             ; 0 H/in                 ; 0 F/in                 ; short        ; open          ; open            ; open  ; 0 V                 ; -                  ; n/a           ; n/a             ; n/a         ;
; ~ALTERA_DCLK~ ; 2.5 V        ; 0 in              ; 0 H/in                  ; 0 F/in                  ; short         ; -                   ; open           ; open             ; open   ; 0 in             ; 0 H/in                 ; 0 F/in                 ; short        ; open          ; open            ; open  ; 0 V                 ; -                  ; n/a           ; n/a             ; n/a         ;
; ~ALTERA_nCEO~ ; 2.5 V        ; 0 in              ; 0 H/in                  ; 0 F/in                  ; short         ; -                   ; open           ; open             ; open   ; 0 in             ; 0 H/in                 ; 0 F/in                 ; short        ; open          ; open            ; open  ; 0 V                 ; -                  ; n/a           ; n/a             ; n/a         ;
+---------------+--------------+-------------------+-------------------------+-------------------------+---------------+---------------------+----------------+------------------+--------+------------------+------------------------+------------------------+--------------+---------------+-----------------+-------+---------------------+--------------------+---------------+-----------------+-------------+


+----------------------------------------------------------------------------+
; Input Transition Times                                                     ;
+-------------------------+--------------+-----------------+-----------------+
; Pin                     ; I/O Standard ; 10-90 Rise Time ; 90-10 Fall Time ;
+-------------------------+--------------+-----------------+-----------------+
; clear                   ; 2.5 V        ; 2000 ps         ; 2000 ps         ;
; ab                      ; 2.5 V        ; 2000 ps         ; 2000 ps         ;
; clock                   ; 2.5 V        ; 2000 ps         ; 2000 ps         ;
; pb1                     ; 2.5 V        ; 2000 ps         ; 2000 ps         ;
; pb2                     ; 2.5 V        ; 2000 ps         ; 2000 ps         ;
; ~ALTERA_ASDO_DATA1~     ; 2.5 V        ; 2000 ps         ; 2000 ps         ;
; ~ALTERA_FLASH_nCE_nCSO~ ; 2.5 V        ; 2000 ps         ; 2000 ps         ;
; ~ALTERA_DATA0~          ; 2.5 V        ; 2000 ps         ; 2000 ps         ;
+-------------------------+--------------+-----------------+-----------------+


+--------------------------------------------------------------------------------------------------------------------------------------------------------------------------------------------------------------------------------------------------------------------------------------------------------------------------------------------------------------------------------------------------------------------------------------------------------------------------------------------------------------------------------------------------------------------------------------------------------------------------------------------------------------------------------------------+
; Signal Integrity Metrics (Slow 1200mv 0c Model)                                                                                                                                                                                                                                                                                                                                                                                                                                                                                                                                                                                                                                            ;
+---------------+--------------+---------------------+---------------------+------------------------------+------------------------------+---------------------+---------------------+--------------------------------------+--------------------------------------+-----------------------------+-----------------------------+----------------------------+----------------------------+-----------------------------+-----------------------------+--------------------+--------------------+-------------------------------------+-------------------------------------+----------------------------+----------------------------+---------------------------+---------------------------+
; Pin           ; I/O Standard ; Board Delay on Rise ; Board Delay on Fall ; Steady State Voh at FPGA Pin ; Steady State Vol at FPGA Pin ; Voh Max at FPGA Pin ; Vol Min at FPGA Pin ; Ringback Voltage on Rise at FPGA Pin ; Ringback Voltage on Fall at FPGA Pin ; 10-90 Rise Time at FPGA Pin ; 90-10 Fall Time at FPGA Pin ; Monotonic Rise at FPGA Pin ; Monotonic Fall at FPGA Pin ; Steady State Voh at Far-end ; Steady State Vol at Far-end ; Voh Max at Far-end ; Vol Min at Far-end ; Ringback Voltage on Rise at Far-end ; Ringback Voltage on Fall at Far-end ; 10-90 Rise Time at Far-end ; 90-10 Fall Time at Far-end ; Monotonic Rise at Far-end ; Monotonic Fall at Far-end ;
+---------------+--------------+---------------------+---------------------+------------------------------+------------------------------+---------------------+---------------------+--------------------------------------+--------------------------------------+-----------------------------+-----------------------------+----------------------------+----------------------------+-----------------------------+-----------------------------+--------------------+--------------------+-------------------------------------+-------------------------------------+----------------------------+----------------------------+---------------------------+---------------------------+
; DAu[6]        ; 2.5 V        ; 0 s                 ; 0 s                 ; 2.32 V                       ; 4.49e-09 V                   ; 2.38 V              ; -0.00552 V          ; 0.096 V                              ; 0.019 V                              ; 4.18e-10 s                  ; 3.59e-10 s                  ; No                         ; Yes                        ; 2.32 V                      ; 4.49e-09 V                  ; 2.38 V             ; -0.00552 V         ; 0.096 V                             ; 0.019 V                             ; 4.18e-10 s                 ; 3.59e-10 s                 ; No                        ; Yes                       ;
; DAu[5]        ; 2.5 V        ; 0 s                 ; 0 s                 ; 2.32 V                       ; 4.49e-09 V                   ; 2.33 V              ; -0.00467 V          ; 0.226 V                              ; 0.087 V                              ; 2.91e-09 s                  ; 2.74e-09 s                  ; Yes                        ; Yes                        ; 2.32 V                      ; 4.49e-09 V                  ; 2.33 V             ; -0.00467 V         ; 0.226 V                             ; 0.087 V                             ; 2.91e-09 s                 ; 2.74e-09 s                 ; Yes                       ; Yes                       ;
; DAu[4]        ; 2.5 V        ; 0 s                 ; 0 s                 ; 2.32 V                       ; 4.49e-09 V                   ; 2.38 V              ; -0.00552 V          ; 0.096 V                              ; 0.019 V                              ; 4.18e-10 s                  ; 3.59e-10 s                  ; No                         ; Yes                        ; 2.32 V                      ; 4.49e-09 V                  ; 2.38 V             ; -0.00552 V         ; 0.096 V                             ; 0.019 V                             ; 4.18e-10 s                 ; 3.59e-10 s                 ; No                        ; Yes                       ;
; DAu[3]        ; 2.5 V        ; 0 s                 ; 0 s                 ; 2.32 V                       ; 4.49e-09 V                   ; 2.38 V              ; -0.00552 V          ; 0.096 V                              ; 0.019 V                              ; 4.18e-10 s                  ; 3.59e-10 s                  ; No                         ; Yes                        ; 2.32 V                      ; 4.49e-09 V                  ; 2.38 V             ; -0.00552 V         ; 0.096 V                             ; 0.019 V                             ; 4.18e-10 s                 ; 3.59e-10 s                 ; No                        ; Yes                       ;
; DAu[2]        ; 2.5 V        ; 0 s                 ; 0 s                 ; 2.32 V                       ; 4.49e-09 V                   ; 2.38 V              ; -0.00552 V          ; 0.096 V                              ; 0.019 V                              ; 4.18e-10 s                  ; 3.59e-10 s                  ; No                         ; Yes                        ; 2.32 V                      ; 4.49e-09 V                  ; 2.38 V             ; -0.00552 V         ; 0.096 V                             ; 0.019 V                             ; 4.18e-10 s                 ; 3.59e-10 s                 ; No                        ; Yes                       ;
; DAu[1]        ; 2.5 V        ; 0 s                 ; 0 s                 ; 2.32 V                       ; 4.49e-09 V                   ; 2.38 V              ; -0.00552 V          ; 0.096 V                              ; 0.019 V                              ; 4.18e-10 s                  ; 3.59e-10 s                  ; No                         ; Yes                        ; 2.32 V                      ; 4.49e-09 V                  ; 2.38 V             ; -0.00552 V         ; 0.096 V                             ; 0.019 V                             ; 4.18e-10 s                 ; 3.59e-10 s                 ; No                        ; Yes                       ;
; DAu[0]        ; 2.5 V        ; 0 s                 ; 0 s                 ; 2.32 V                       ; 4.49e-09 V                   ; 2.38 V              ; -0.00552 V          ; 0.096 V                              ; 0.019 V                              ; 4.18e-10 s                  ; 3.59e-10 s                  ; No                         ; Yes                        ; 2.32 V                      ; 4.49e-09 V                  ; 2.38 V             ; -0.00552 V         ; 0.096 V                             ; 0.019 V                             ; 4.18e-10 s                 ; 3.59e-10 s                 ; No                        ; Yes                       ;
; DAt[6]        ; 2.5 V        ; 0 s                 ; 0 s                 ; 2.32 V                       ; 4.49e-09 V                   ; 2.38 V              ; -0.00552 V          ; 0.096 V                              ; 0.019 V                              ; 4.18e-10 s                  ; 3.59e-10 s                  ; No                         ; Yes                        ; 2.32 V                      ; 4.49e-09 V                  ; 2.38 V             ; -0.00552 V         ; 0.096 V                             ; 0.019 V                             ; 4.18e-10 s                 ; 3.59e-10 s                 ; No                        ; Yes                       ;
; DAt[5]        ; 2.5 V        ; 0 s                 ; 0 s                 ; 2.32 V                       ; 4.49e-09 V                   ; 2.38 V              ; -0.00552 V          ; 0.096 V                              ; 0.019 V                              ; 4.18e-10 s                  ; 3.59e-10 s                  ; No                         ; Yes                        ; 2.32 V                      ; 4.49e-09 V                  ; 2.38 V             ; -0.00552 V         ; 0.096 V                             ; 0.019 V                             ; 4.18e-10 s                 ; 3.59e-10 s                 ; No                        ; Yes                       ;
; DAt[4]        ; 2.5 V        ; 0 s                 ; 0 s                 ; 2.32 V                       ; 4.49e-09 V                   ; 2.38 V              ; -0.00552 V          ; 0.096 V                              ; 0.019 V                              ; 4.18e-10 s                  ; 3.59e-10 s                  ; No                         ; Yes                        ; 2.32 V                      ; 4.49e-09 V                  ; 2.38 V             ; -0.00552 V         ; 0.096 V                             ; 0.019 V                             ; 4.18e-10 s                 ; 3.59e-10 s                 ; No                        ; Yes                       ;
; DAt[3]        ; 2.5 V        ; 0 s                 ; 0 s                 ; 2.32 V                       ; 4.49e-09 V                   ; 2.38 V              ; -0.00552 V          ; 0.096 V                              ; 0.019 V                              ; 4.18e-10 s                  ; 3.59e-10 s                  ; No                         ; Yes                        ; 2.32 V                      ; 4.49e-09 V                  ; 2.38 V             ; -0.00552 V         ; 0.096 V                             ; 0.019 V                             ; 4.18e-10 s                 ; 3.59e-10 s                 ; No                        ; Yes                       ;
; DAt[2]        ; 2.5 V        ; 0 s                 ; 0 s                 ; 2.32 V                       ; 4.49e-09 V                   ; 2.38 V              ; -0.00552 V          ; 0.096 V                              ; 0.019 V                              ; 4.18e-10 s                  ; 3.59e-10 s                  ; No                         ; Yes                        ; 2.32 V                      ; 4.49e-09 V                  ; 2.38 V             ; -0.00552 V         ; 0.096 V                             ; 0.019 V                             ; 4.18e-10 s                 ; 3.59e-10 s                 ; No                        ; Yes                       ;
; DAt[1]        ; 2.5 V        ; 0 s                 ; 0 s                 ; 2.32 V                       ; 4.49e-09 V                   ; 2.38 V              ; -0.00552 V          ; 0.096 V                              ; 0.019 V                              ; 4.18e-10 s                  ; 3.59e-10 s                  ; No                         ; Yes                        ; 2.32 V                      ; 4.49e-09 V                  ; 2.38 V             ; -0.00552 V         ; 0.096 V                             ; 0.019 V                             ; 4.18e-10 s                 ; 3.59e-10 s                 ; No                        ; Yes                       ;
; DAt[0]        ; 2.5 V        ; 0 s                 ; 0 s                 ; 2.32 V                       ; 4.49e-09 V                   ; 2.38 V              ; -0.00552 V          ; 0.096 V                              ; 0.019 V                              ; 4.18e-10 s                  ; 3.59e-10 s                  ; No                         ; Yes                        ; 2.32 V                      ; 4.49e-09 V                  ; 2.38 V             ; -0.00552 V         ; 0.096 V                             ; 0.019 V                             ; 4.18e-10 s                 ; 3.59e-10 s                 ; No                        ; Yes                       ;
; DBu[6]        ; 2.5 V        ; 0 s                 ; 0 s                 ; 2.32 V                       ; 4.49e-09 V                   ; 2.38 V              ; -0.00552 V          ; 0.096 V                              ; 0.019 V                              ; 4.18e-10 s                  ; 3.59e-10 s                  ; No                         ; Yes                        ; 2.32 V                      ; 4.49e-09 V                  ; 2.38 V             ; -0.00552 V         ; 0.096 V                             ; 0.019 V                             ; 4.18e-10 s                 ; 3.59e-10 s                 ; No                        ; Yes                       ;
; DBu[5]        ; 2.5 V        ; 0 s                 ; 0 s                 ; 2.32 V                       ; 4.49e-09 V                   ; 2.38 V              ; -0.00552 V          ; 0.096 V                              ; 0.019 V                              ; 4.18e-10 s                  ; 3.59e-10 s                  ; No                         ; Yes                        ; 2.32 V                      ; 4.49e-09 V                  ; 2.38 V             ; -0.00552 V         ; 0.096 V                             ; 0.019 V                             ; 4.18e-10 s                 ; 3.59e-10 s                 ; No                        ; Yes                       ;
; DBu[4]        ; 2.5 V        ; 0 s                 ; 0 s                 ; 2.32 V                       ; 4.49e-09 V                   ; 2.38 V              ; -0.00552 V          ; 0.096 V                              ; 0.019 V                              ; 4.18e-10 s                  ; 3.59e-10 s                  ; No                         ; Yes                        ; 2.32 V                      ; 4.49e-09 V                  ; 2.38 V             ; -0.00552 V         ; 0.096 V                             ; 0.019 V                             ; 4.18e-10 s                 ; 3.59e-10 s                 ; No                        ; Yes                       ;
; DBu[3]        ; 2.5 V        ; 0 s                 ; 0 s                 ; 2.32 V                       ; 4.49e-09 V                   ; 2.38 V              ; -0.00552 V          ; 0.096 V                              ; 0.019 V                              ; 4.18e-10 s                  ; 3.59e-10 s                  ; No                         ; Yes                        ; 2.32 V                      ; 4.49e-09 V                  ; 2.38 V             ; -0.00552 V         ; 0.096 V                             ; 0.019 V                             ; 4.18e-10 s                 ; 3.59e-10 s                 ; No                        ; Yes                       ;
; DBu[2]        ; 2.5 V        ; 0 s                 ; 0 s                 ; 2.32 V                       ; 4.49e-09 V                   ; 2.38 V              ; -0.00552 V          ; 0.096 V                              ; 0.019 V                              ; 4.18e-10 s                  ; 3.59e-10 s                  ; No                         ; Yes                        ; 2.32 V                      ; 4.49e-09 V                  ; 2.38 V             ; -0.00552 V         ; 0.096 V                             ; 0.019 V                             ; 4.18e-10 s                 ; 3.59e-10 s                 ; No                        ; Yes                       ;
; DBu[1]        ; 2.5 V        ; 0 s                 ; 0 s                 ; 2.32 V                       ; 4.49e-09 V                   ; 2.38 V              ; -0.00552 V          ; 0.096 V                              ; 0.019 V                              ; 4.18e-10 s                  ; 3.59e-10 s                  ; No                         ; Yes                        ; 2.32 V                      ; 4.49e-09 V                  ; 2.38 V             ; -0.00552 V         ; 0.096 V                             ; 0.019 V                             ; 4.18e-10 s                 ; 3.59e-10 s                 ; No                        ; Yes                       ;
; DBu[0]        ; 2.5 V        ; 0 s                 ; 0 s                 ; 2.32 V                       ; 4.49e-09 V                   ; 2.38 V              ; -0.00552 V          ; 0.096 V                              ; 0.019 V                              ; 4.18e-10 s                  ; 3.59e-10 s                  ; No                         ; Yes                        ; 2.32 V                      ; 4.49e-09 V                  ; 2.38 V             ; -0.00552 V         ; 0.096 V                             ; 0.019 V                             ; 4.18e-10 s                 ; 3.59e-10 s                 ; No                        ; Yes                       ;
; DBt[6]        ; 2.5 V        ; 0 s                 ; 0 s                 ; 2.32 V                       ; 4.49e-09 V                   ; 2.38 V              ; -0.00552 V          ; 0.096 V                              ; 0.019 V                              ; 4.18e-10 s                  ; 3.59e-10 s                  ; No                         ; Yes                        ; 2.32 V                      ; 4.49e-09 V                  ; 2.38 V             ; -0.00552 V         ; 0.096 V                             ; 0.019 V                             ; 4.18e-10 s                 ; 3.59e-10 s                 ; No                        ; Yes                       ;
; DBt[5]        ; 2.5 V        ; 0 s                 ; 0 s                 ; 2.32 V                       ; 4.49e-09 V                   ; 2.38 V              ; -0.00552 V          ; 0.096 V                              ; 0.019 V                              ; 4.18e-10 s                  ; 3.59e-10 s                  ; No                         ; Yes                        ; 2.32 V                      ; 4.49e-09 V                  ; 2.38 V             ; -0.00552 V         ; 0.096 V                             ; 0.019 V                             ; 4.18e-10 s                 ; 3.59e-10 s                 ; No                        ; Yes                       ;
; DBt[4]        ; 2.5 V        ; 0 s                 ; 0 s                 ; 2.32 V                       ; 4.49e-09 V                   ; 2.38 V              ; -0.00552 V          ; 0.096 V                              ; 0.019 V                              ; 4.18e-10 s                  ; 3.59e-10 s                  ; No                         ; Yes                        ; 2.32 V                      ; 4.49e-09 V                  ; 2.38 V             ; -0.00552 V         ; 0.096 V                             ; 0.019 V                             ; 4.18e-10 s                 ; 3.59e-10 s                 ; No                        ; Yes                       ;
; DBt[3]        ; 2.5 V        ; 0 s                 ; 0 s                 ; 2.32 V                       ; 4.49e-09 V                   ; 2.38 V              ; -0.00552 V          ; 0.096 V                              ; 0.019 V                              ; 4.18e-10 s                  ; 3.59e-10 s                  ; No                         ; Yes                        ; 2.32 V                      ; 4.49e-09 V                  ; 2.38 V             ; -0.00552 V         ; 0.096 V                             ; 0.019 V                             ; 4.18e-10 s                 ; 3.59e-10 s                 ; No                        ; Yes                       ;
; DBt[2]        ; 2.5 V        ; 0 s                 ; 0 s                 ; 2.32 V                       ; 4.49e-09 V                   ; 2.38 V              ; -0.00552 V          ; 0.096 V                              ; 0.019 V                              ; 4.18e-10 s                  ; 3.59e-10 s                  ; No                         ; Yes                        ; 2.32 V                      ; 4.49e-09 V                  ; 2.38 V             ; -0.00552 V         ; 0.096 V                             ; 0.019 V                             ; 4.18e-10 s                 ; 3.59e-10 s                 ; No                        ; Yes                       ;
; DBt[1]        ; 2.5 V        ; 0 s                 ; 0 s                 ; 2.32 V                       ; 4.49e-09 V                   ; 2.33 V              ; -0.00467 V          ; 0.226 V                              ; 0.087 V                              ; 2.91e-09 s                  ; 2.74e-09 s                  ; Yes                        ; Yes                        ; 2.32 V                      ; 4.49e-09 V                  ; 2.33 V             ; -0.00467 V         ; 0.226 V                             ; 0.087 V                             ; 2.91e-09 s                 ; 2.74e-09 s                 ; Yes                       ; Yes                       ;
; DBt[0]        ; 2.5 V        ; 0 s                 ; 0 s                 ; 2.32 V                       ; 4.49e-09 V                   ; 2.38 V              ; -0.00552 V          ; 0.096 V                              ; 0.019 V                              ; 4.18e-10 s                  ; 3.59e-10 s                  ; No                         ; Yes                        ; 2.32 V                      ; 4.49e-09 V                  ; 2.38 V             ; -0.00552 V         ; 0.096 V                             ; 0.019 V                             ; 4.18e-10 s                 ; 3.59e-10 s                 ; No                        ; Yes                       ;
; ~ALTERA_DCLK~ ; 2.5 V        ; 0 s                 ; 0 s                 ; 2.32 V                       ; 2.67e-09 V                   ; 2.38 V              ; -0.0485 V           ; 0.167 V                              ; 0.096 V                              ; 2.95e-10 s                  ; 2.73e-10 s                  ; Yes                        ; Yes                        ; 2.32 V                      ; 2.67e-09 V                  ; 2.38 V             ; -0.0485 V          ; 0.167 V                             ; 0.096 V                             ; 2.95e-10 s                 ; 2.73e-10 s                 ; Yes                       ; Yes                       ;
; ~ALTERA_nCEO~ ; 2.5 V        ; 0 s                 ; 0 s                 ; 2.32 V                       ; 4.18e-09 V                   ; 2.38 V              ; -0.00483 V          ; 0.152 V                              ; 0.012 V                              ; 4.81e-10 s                  ; 6.29e-10 s                  ; Yes                        ; Yes                        ; 2.32 V                      ; 4.18e-09 V                  ; 2.38 V             ; -0.00483 V         ; 0.152 V                             ; 0.012 V                             ; 4.81e-10 s                 ; 6.29e-10 s                 ; Yes                       ; Yes                       ;
+---------------+--------------+---------------------+---------------------+------------------------------+------------------------------+---------------------+---------------------+--------------------------------------+--------------------------------------+-----------------------------+-----------------------------+----------------------------+----------------------------+-----------------------------+-----------------------------+--------------------+--------------------+-------------------------------------+-------------------------------------+----------------------------+----------------------------+---------------------------+---------------------------+


+--------------------------------------------------------------------------------------------------------------------------------------------------------------------------------------------------------------------------------------------------------------------------------------------------------------------------------------------------------------------------------------------------------------------------------------------------------------------------------------------------------------------------------------------------------------------------------------------------------------------------------------------------------------------------------------------+
; Signal Integrity Metrics (Slow 1200mv 85c Model)                                                                                                                                                                                                                                                                                                                                                                                                                                                                                                                                                                                                                                           ;
+---------------+--------------+---------------------+---------------------+------------------------------+------------------------------+---------------------+---------------------+--------------------------------------+--------------------------------------+-----------------------------+-----------------------------+----------------------------+----------------------------+-----------------------------+-----------------------------+--------------------+--------------------+-------------------------------------+-------------------------------------+----------------------------+----------------------------+---------------------------+---------------------------+
; Pin           ; I/O Standard ; Board Delay on Rise ; Board Delay on Fall ; Steady State Voh at FPGA Pin ; Steady State Vol at FPGA Pin ; Voh Max at FPGA Pin ; Vol Min at FPGA Pin ; Ringback Voltage on Rise at FPGA Pin ; Ringback Voltage on Fall at FPGA Pin ; 10-90 Rise Time at FPGA Pin ; 90-10 Fall Time at FPGA Pin ; Monotonic Rise at FPGA Pin ; Monotonic Fall at FPGA Pin ; Steady State Voh at Far-end ; Steady State Vol at Far-end ; Voh Max at Far-end ; Vol Min at Far-end ; Ringback Voltage on Rise at Far-end ; Ringback Voltage on Fall at Far-end ; 10-90 Rise Time at Far-end ; 90-10 Fall Time at Far-end ; Monotonic Rise at Far-end ; Monotonic Fall at Far-end ;
+---------------+--------------+---------------------+---------------------+------------------------------+------------------------------+---------------------+---------------------+--------------------------------------+--------------------------------------+-----------------------------+-----------------------------+----------------------------+----------------------------+-----------------------------+-----------------------------+--------------------+--------------------+-------------------------------------+-------------------------------------+----------------------------+----------------------------+---------------------------+---------------------------+
; DAu[6]        ; 2.5 V        ; 0 s                 ; 0 s                 ; 2.32 V                       ; 6.92e-07 V                   ; 2.35 V              ; -0.00996 V          ; 0.121 V                              ; 0.03 V                               ; 4.64e-10 s                  ; 4.47e-10 s                  ; Yes                        ; Yes                        ; 2.32 V                      ; 6.92e-07 V                  ; 2.35 V             ; -0.00996 V         ; 0.121 V                             ; 0.03 V                              ; 4.64e-10 s                 ; 4.47e-10 s                 ; Yes                       ; Yes                       ;
; DAu[5]        ; 2.5 V        ; 0 s                 ; 0 s                 ; 2.32 V                       ; 6.92e-07 V                   ; 2.33 V              ; -0.00265 V          ; 0.133 V                              ; 0.056 V                              ; 3.55e-09 s                  ; 3.31e-09 s                  ; Yes                        ; Yes                        ; 2.32 V                      ; 6.92e-07 V                  ; 2.33 V             ; -0.00265 V         ; 0.133 V                             ; 0.056 V                             ; 3.55e-09 s                 ; 3.31e-09 s                 ; Yes                       ; Yes                       ;
; DAu[4]        ; 2.5 V        ; 0 s                 ; 0 s                 ; 2.32 V                       ; 6.92e-07 V                   ; 2.35 V              ; -0.00996 V          ; 0.121 V                              ; 0.03 V                               ; 4.64e-10 s                  ; 4.47e-10 s                  ; Yes                        ; Yes                        ; 2.32 V                      ; 6.92e-07 V                  ; 2.35 V             ; -0.00996 V         ; 0.121 V                             ; 0.03 V                              ; 4.64e-10 s                 ; 4.47e-10 s                 ; Yes                       ; Yes                       ;
; DAu[3]        ; 2.5 V        ; 0 s                 ; 0 s                 ; 2.32 V                       ; 6.92e-07 V                   ; 2.35 V              ; -0.00996 V          ; 0.121 V                              ; 0.03 V                               ; 4.64e-10 s                  ; 4.47e-10 s                  ; Yes                        ; Yes                        ; 2.32 V                      ; 6.92e-07 V                  ; 2.35 V             ; -0.00996 V         ; 0.121 V                             ; 0.03 V                              ; 4.64e-10 s                 ; 4.47e-10 s                 ; Yes                       ; Yes                       ;
; DAu[2]        ; 2.5 V        ; 0 s                 ; 0 s                 ; 2.32 V                       ; 6.92e-07 V                   ; 2.35 V              ; -0.00996 V          ; 0.121 V                              ; 0.03 V                               ; 4.64e-10 s                  ; 4.47e-10 s                  ; Yes                        ; Yes                        ; 2.32 V                      ; 6.92e-07 V                  ; 2.35 V             ; -0.00996 V         ; 0.121 V                             ; 0.03 V                              ; 4.64e-10 s                 ; 4.47e-10 s                 ; Yes                       ; Yes                       ;
; DAu[1]        ; 2.5 V        ; 0 s                 ; 0 s                 ; 2.32 V                       ; 6.92e-07 V                   ; 2.35 V              ; -0.00996 V          ; 0.121 V                              ; 0.03 V                               ; 4.64e-10 s                  ; 4.47e-10 s                  ; Yes                        ; Yes                        ; 2.32 V                      ; 6.92e-07 V                  ; 2.35 V             ; -0.00996 V         ; 0.121 V                             ; 0.03 V                              ; 4.64e-10 s                 ; 4.47e-10 s                 ; Yes                       ; Yes                       ;
; DAu[0]        ; 2.5 V        ; 0 s                 ; 0 s                 ; 2.32 V                       ; 6.92e-07 V                   ; 2.35 V              ; -0.00996 V          ; 0.121 V                              ; 0.03 V                               ; 4.64e-10 s                  ; 4.47e-10 s                  ; Yes                        ; Yes                        ; 2.32 V                      ; 6.92e-07 V                  ; 2.35 V             ; -0.00996 V         ; 0.121 V                             ; 0.03 V                              ; 4.64e-10 s                 ; 4.47e-10 s                 ; Yes                       ; Yes                       ;
; DAt[6]        ; 2.5 V        ; 0 s                 ; 0 s                 ; 2.32 V                       ; 6.92e-07 V                   ; 2.35 V              ; -0.00996 V          ; 0.121 V                              ; 0.03 V                               ; 4.64e-10 s                  ; 4.47e-10 s                  ; Yes                        ; Yes                        ; 2.32 V                      ; 6.92e-07 V                  ; 2.35 V             ; -0.00996 V         ; 0.121 V                             ; 0.03 V                              ; 4.64e-10 s                 ; 4.47e-10 s                 ; Yes                       ; Yes                       ;
; DAt[5]        ; 2.5 V        ; 0 s                 ; 0 s                 ; 2.32 V                       ; 6.92e-07 V                   ; 2.35 V              ; -0.00996 V          ; 0.121 V                              ; 0.03 V                               ; 4.64e-10 s                  ; 4.47e-10 s                  ; Yes                        ; Yes                        ; 2.32 V                      ; 6.92e-07 V                  ; 2.35 V             ; -0.00996 V         ; 0.121 V                             ; 0.03 V                              ; 4.64e-10 s                 ; 4.47e-10 s                 ; Yes                       ; Yes                       ;
; DAt[4]        ; 2.5 V        ; 0 s                 ; 0 s                 ; 2.32 V                       ; 6.92e-07 V                   ; 2.35 V              ; -0.00996 V          ; 0.121 V                              ; 0.03 V                               ; 4.64e-10 s                  ; 4.47e-10 s                  ; Yes                        ; Yes                        ; 2.32 V                      ; 6.92e-07 V                  ; 2.35 V             ; -0.00996 V         ; 0.121 V                             ; 0.03 V                              ; 4.64e-10 s                 ; 4.47e-10 s                 ; Yes                       ; Yes                       ;
; DAt[3]        ; 2.5 V        ; 0 s                 ; 0 s                 ; 2.32 V                       ; 6.92e-07 V                   ; 2.35 V              ; -0.00996 V          ; 0.121 V                              ; 0.03 V                               ; 4.64e-10 s                  ; 4.47e-10 s                  ; Yes                        ; Yes                        ; 2.32 V                      ; 6.92e-07 V                  ; 2.35 V             ; -0.00996 V         ; 0.121 V                             ; 0.03 V                              ; 4.64e-10 s                 ; 4.47e-10 s                 ; Yes                       ; Yes                       ;
; DAt[2]        ; 2.5 V        ; 0 s                 ; 0 s                 ; 2.32 V                       ; 6.92e-07 V                   ; 2.35 V              ; -0.00996 V          ; 0.121 V                              ; 0.03 V                               ; 4.64e-10 s                  ; 4.47e-10 s                  ; Yes                        ; Yes                        ; 2.32 V                      ; 6.92e-07 V                  ; 2.35 V             ; -0.00996 V         ; 0.121 V                             ; 0.03 V                              ; 4.64e-10 s                 ; 4.47e-10 s                 ; Yes                       ; Yes                       ;
; DAt[1]        ; 2.5 V        ; 0 s                 ; 0 s                 ; 2.32 V                       ; 6.92e-07 V                   ; 2.35 V              ; -0.00996 V          ; 0.121 V                              ; 0.03 V                               ; 4.64e-10 s                  ; 4.47e-10 s                  ; Yes                        ; Yes                        ; 2.32 V                      ; 6.92e-07 V                  ; 2.35 V             ; -0.00996 V         ; 0.121 V                             ; 0.03 V                              ; 4.64e-10 s                 ; 4.47e-10 s                 ; Yes                       ; Yes                       ;
; DAt[0]        ; 2.5 V        ; 0 s                 ; 0 s                 ; 2.32 V                       ; 6.92e-07 V                   ; 2.35 V              ; -0.00996 V          ; 0.121 V                              ; 0.03 V                               ; 4.64e-10 s                  ; 4.47e-10 s                  ; Yes                        ; Yes                        ; 2.32 V                      ; 6.92e-07 V                  ; 2.35 V             ; -0.00996 V         ; 0.121 V                             ; 0.03 V                              ; 4.64e-10 s                 ; 4.47e-10 s                 ; Yes                       ; Yes                       ;
; DBu[6]        ; 2.5 V        ; 0 s                 ; 0 s                 ; 2.32 V                       ; 6.92e-07 V                   ; 2.35 V              ; -0.00996 V          ; 0.121 V                              ; 0.03 V                               ; 4.64e-10 s                  ; 4.47e-10 s                  ; Yes                        ; Yes                        ; 2.32 V                      ; 6.92e-07 V                  ; 2.35 V             ; -0.00996 V         ; 0.121 V                             ; 0.03 V                              ; 4.64e-10 s                 ; 4.47e-10 s                 ; Yes                       ; Yes                       ;
; DBu[5]        ; 2.5 V        ; 0 s                 ; 0 s                 ; 2.32 V                       ; 6.92e-07 V                   ; 2.35 V              ; -0.00996 V          ; 0.121 V                              ; 0.03 V                               ; 4.64e-10 s                  ; 4.47e-10 s                  ; Yes                        ; Yes                        ; 2.32 V                      ; 6.92e-07 V                  ; 2.35 V             ; -0.00996 V         ; 0.121 V                             ; 0.03 V                              ; 4.64e-10 s                 ; 4.47e-10 s                 ; Yes                       ; Yes                       ;
; DBu[4]        ; 2.5 V        ; 0 s                 ; 0 s                 ; 2.32 V                       ; 6.92e-07 V                   ; 2.35 V              ; -0.00996 V          ; 0.121 V                              ; 0.03 V                               ; 4.64e-10 s                  ; 4.47e-10 s                  ; Yes                        ; Yes                        ; 2.32 V                      ; 6.92e-07 V                  ; 2.35 V             ; -0.00996 V         ; 0.121 V                             ; 0.03 V                              ; 4.64e-10 s                 ; 4.47e-10 s                 ; Yes                       ; Yes                       ;
; DBu[3]        ; 2.5 V        ; 0 s                 ; 0 s                 ; 2.32 V                       ; 6.92e-07 V                   ; 2.35 V              ; -0.00996 V          ; 0.121 V                              ; 0.03 V                               ; 4.64e-10 s                  ; 4.47e-10 s                  ; Yes                        ; Yes                        ; 2.32 V                      ; 6.92e-07 V                  ; 2.35 V             ; -0.00996 V         ; 0.121 V                             ; 0.03 V                              ; 4.64e-10 s                 ; 4.47e-10 s                 ; Yes                       ; Yes                       ;
; DBu[2]        ; 2.5 V        ; 0 s                 ; 0 s                 ; 2.32 V                       ; 6.92e-07 V                   ; 2.35 V              ; -0.00996 V          ; 0.121 V                              ; 0.03 V                               ; 4.64e-10 s                  ; 4.47e-10 s                  ; Yes                        ; Yes                        ; 2.32 V                      ; 6.92e-07 V                  ; 2.35 V             ; -0.00996 V         ; 0.121 V                             ; 0.03 V                              ; 4.64e-10 s                 ; 4.47e-10 s                 ; Yes                       ; Yes                       ;
; DBu[1]        ; 2.5 V        ; 0 s                 ; 0 s                 ; 2.32 V                       ; 6.92e-07 V                   ; 2.35 V              ; -0.00996 V          ; 0.121 V                              ; 0.03 V                               ; 4.64e-10 s                  ; 4.47e-10 s                  ; Yes                        ; Yes                        ; 2.32 V                      ; 6.92e-07 V                  ; 2.35 V             ; -0.00996 V         ; 0.121 V                             ; 0.03 V                              ; 4.64e-10 s                 ; 4.47e-10 s                 ; Yes                       ; Yes                       ;
; DBu[0]        ; 2.5 V        ; 0 s                 ; 0 s                 ; 2.32 V                       ; 6.92e-07 V                   ; 2.35 V              ; -0.00996 V          ; 0.121 V                              ; 0.03 V                               ; 4.64e-10 s                  ; 4.47e-10 s                  ; Yes                        ; Yes                        ; 2.32 V                      ; 6.92e-07 V                  ; 2.35 V             ; -0.00996 V         ; 0.121 V                             ; 0.03 V                              ; 4.64e-10 s                 ; 4.47e-10 s                 ; Yes                       ; Yes                       ;
; DBt[6]        ; 2.5 V        ; 0 s                 ; 0 s                 ; 2.32 V                       ; 6.92e-07 V                   ; 2.35 V              ; -0.00996 V          ; 0.121 V                              ; 0.03 V                               ; 4.64e-10 s                  ; 4.47e-10 s                  ; Yes                        ; Yes                        ; 2.32 V                      ; 6.92e-07 V                  ; 2.35 V             ; -0.00996 V         ; 0.121 V                             ; 0.03 V                              ; 4.64e-10 s                 ; 4.47e-10 s                 ; Yes                       ; Yes                       ;
; DBt[5]        ; 2.5 V        ; 0 s                 ; 0 s                 ; 2.32 V                       ; 6.92e-07 V                   ; 2.35 V              ; -0.00996 V          ; 0.121 V                              ; 0.03 V                               ; 4.64e-10 s                  ; 4.47e-10 s                  ; Yes                        ; Yes                        ; 2.32 V                      ; 6.92e-07 V                  ; 2.35 V             ; -0.00996 V         ; 0.121 V                             ; 0.03 V                              ; 4.64e-10 s                 ; 4.47e-10 s                 ; Yes                       ; Yes                       ;
; DBt[4]        ; 2.5 V        ; 0 s                 ; 0 s                 ; 2.32 V                       ; 6.92e-07 V                   ; 2.35 V              ; -0.00996 V          ; 0.121 V                              ; 0.03 V                               ; 4.64e-10 s                  ; 4.47e-10 s                  ; Yes                        ; Yes                        ; 2.32 V                      ; 6.92e-07 V                  ; 2.35 V             ; -0.00996 V         ; 0.121 V                             ; 0.03 V                              ; 4.64e-10 s                 ; 4.47e-10 s                 ; Yes                       ; Yes                       ;
; DBt[3]        ; 2.5 V        ; 0 s                 ; 0 s                 ; 2.32 V                       ; 6.92e-07 V                   ; 2.35 V              ; -0.00996 V          ; 0.121 V                              ; 0.03 V                               ; 4.64e-10 s                  ; 4.47e-10 s                  ; Yes                        ; Yes                        ; 2.32 V                      ; 6.92e-07 V                  ; 2.35 V             ; -0.00996 V         ; 0.121 V                             ; 0.03 V                              ; 4.64e-10 s                 ; 4.47e-10 s                 ; Yes                       ; Yes                       ;
; DBt[2]        ; 2.5 V        ; 0 s                 ; 0 s                 ; 2.32 V                       ; 6.92e-07 V                   ; 2.35 V              ; -0.00996 V          ; 0.121 V                              ; 0.03 V                               ; 4.64e-10 s                  ; 4.47e-10 s                  ; Yes                        ; Yes                        ; 2.32 V                      ; 6.92e-07 V                  ; 2.35 V             ; -0.00996 V         ; 0.121 V                             ; 0.03 V                              ; 4.64e-10 s                 ; 4.47e-10 s                 ; Yes                       ; Yes                       ;
; DBt[1]        ; 2.5 V        ; 0 s                 ; 0 s                 ; 2.32 V                       ; 6.92e-07 V                   ; 2.33 V              ; -0.00265 V          ; 0.133 V                              ; 0.056 V                              ; 3.55e-09 s                  ; 3.31e-09 s                  ; Yes                        ; Yes                        ; 2.32 V                      ; 6.92e-07 V                  ; 2.33 V             ; -0.00265 V         ; 0.133 V                             ; 0.056 V                             ; 3.55e-09 s                 ; 3.31e-09 s                 ; Yes                       ; Yes                       ;
; DBt[0]        ; 2.5 V        ; 0 s                 ; 0 s                 ; 2.32 V                       ; 6.92e-07 V                   ; 2.35 V              ; -0.00996 V          ; 0.121 V                              ; 0.03 V                               ; 4.64e-10 s                  ; 4.47e-10 s                  ; Yes                        ; Yes                        ; 2.32 V                      ; 6.92e-07 V                  ; 2.35 V             ; -0.00996 V         ; 0.121 V                             ; 0.03 V                              ; 4.64e-10 s                 ; 4.47e-10 s                 ; Yes                       ; Yes                       ;
; ~ALTERA_DCLK~ ; 2.5 V        ; 0 s                 ; 0 s                 ; 2.32 V                       ; 3.75e-07 V                   ; 2.35 V              ; -0.0109 V           ; 0.084 V                              ; 0.027 V                              ; 4.31e-10 s                  ; 3.61e-10 s                  ; Yes                        ; Yes                        ; 2.32 V                      ; 3.75e-07 V                  ; 2.35 V             ; -0.0109 V          ; 0.084 V                             ; 0.027 V                             ; 4.31e-10 s                 ; 3.61e-10 s                 ; Yes                       ; Yes                       ;
; ~ALTERA_nCEO~ ; 2.5 V        ; 0 s                 ; 0 s                 ; 2.32 V                       ; 6.15e-07 V                   ; 2.35 V              ; -0.00712 V          ; 0.093 V                              ; 0.02 V                               ; 6.21e-10 s                  ; 7.9e-10 s                   ; Yes                        ; Yes                        ; 2.32 V                      ; 6.15e-07 V                  ; 2.35 V             ; -0.00712 V         ; 0.093 V                             ; 0.02 V                              ; 6.21e-10 s                 ; 7.9e-10 s                  ; Yes                       ; Yes                       ;
+---------------+--------------+---------------------+---------------------+------------------------------+------------------------------+---------------------+---------------------+--------------------------------------+--------------------------------------+-----------------------------+-----------------------------+----------------------------+----------------------------+-----------------------------+-----------------------------+--------------------+--------------------+-------------------------------------+-------------------------------------+----------------------------+----------------------------+---------------------------+---------------------------+


+--------------------------------------------------------------------------------------------------------------------------------------------------------------------------------------------------------------------------------------------------------------------------------------------------------------------------------------------------------------------------------------------------------------------------------------------------------------------------------------------------------------------------------------------------------------------------------------------------------------------------------------------------------------------------------------------+
; Signal Integrity Metrics (Fast 1200mv 0c Model)                                                                                                                                                                                                                                                                                                                                                                                                                                                                                                                                                                                                                                            ;
+---------------+--------------+---------------------+---------------------+------------------------------+------------------------------+---------------------+---------------------+--------------------------------------+--------------------------------------+-----------------------------+-----------------------------+----------------------------+----------------------------+-----------------------------+-----------------------------+--------------------+--------------------+-------------------------------------+-------------------------------------+----------------------------+----------------------------+---------------------------+---------------------------+
; Pin           ; I/O Standard ; Board Delay on Rise ; Board Delay on Fall ; Steady State Voh at FPGA Pin ; Steady State Vol at FPGA Pin ; Voh Max at FPGA Pin ; Vol Min at FPGA Pin ; Ringback Voltage on Rise at FPGA Pin ; Ringback Voltage on Fall at FPGA Pin ; 10-90 Rise Time at FPGA Pin ; 90-10 Fall Time at FPGA Pin ; Monotonic Rise at FPGA Pin ; Monotonic Fall at FPGA Pin ; Steady State Voh at Far-end ; Steady State Vol at Far-end ; Voh Max at Far-end ; Vol Min at Far-end ; Ringback Voltage on Rise at Far-end ; Ringback Voltage on Fall at Far-end ; 10-90 Rise Time at Far-end ; 90-10 Fall Time at Far-end ; Monotonic Rise at Far-end ; Monotonic Fall at Far-end ;
+---------------+--------------+---------------------+---------------------+------------------------------+------------------------------+---------------------+---------------------+--------------------------------------+--------------------------------------+-----------------------------+-----------------------------+----------------------------+----------------------------+-----------------------------+-----------------------------+--------------------+--------------------+-------------------------------------+-------------------------------------+----------------------------+----------------------------+---------------------------+---------------------------+
; DAu[6]        ; 2.5 V        ; 0 s                 ; 0 s                 ; 2.62 V                       ; 4.05e-08 V                   ; 2.72 V              ; -0.0349 V           ; 0.173 V                              ; 0.1 V                                ; 2.72e-10 s                  ; 2.69e-10 s                  ; Yes                        ; Yes                        ; 2.62 V                      ; 4.05e-08 V                  ; 2.72 V             ; -0.0349 V          ; 0.173 V                             ; 0.1 V                               ; 2.72e-10 s                 ; 2.69e-10 s                 ; Yes                       ; Yes                       ;
; DAu[5]        ; 2.5 V        ; 0 s                 ; 0 s                 ; 2.62 V                       ; 4.05e-08 V                   ; 2.64 V              ; -0.0113 V           ; 0.208 V                              ; 0.179 V                              ; 2.38e-09 s                  ; 2.23e-09 s                  ; No                         ; Yes                        ; 2.62 V                      ; 4.05e-08 V                  ; 2.64 V             ; -0.0113 V          ; 0.208 V                             ; 0.179 V                             ; 2.38e-09 s                 ; 2.23e-09 s                 ; No                        ; Yes                       ;
; DAu[4]        ; 2.5 V        ; 0 s                 ; 0 s                 ; 2.62 V                       ; 4.05e-08 V                   ; 2.72 V              ; -0.0349 V           ; 0.173 V                              ; 0.1 V                                ; 2.72e-10 s                  ; 2.69e-10 s                  ; Yes                        ; Yes                        ; 2.62 V                      ; 4.05e-08 V                  ; 2.72 V             ; -0.0349 V          ; 0.173 V                             ; 0.1 V                               ; 2.72e-10 s                 ; 2.69e-10 s                 ; Yes                       ; Yes                       ;
; DAu[3]        ; 2.5 V        ; 0 s                 ; 0 s                 ; 2.62 V                       ; 4.05e-08 V                   ; 2.72 V              ; -0.0349 V           ; 0.173 V                              ; 0.1 V                                ; 2.72e-10 s                  ; 2.69e-10 s                  ; Yes                        ; Yes                        ; 2.62 V                      ; 4.05e-08 V                  ; 2.72 V             ; -0.0349 V          ; 0.173 V                             ; 0.1 V                               ; 2.72e-10 s                 ; 2.69e-10 s                 ; Yes                       ; Yes                       ;
; DAu[2]        ; 2.5 V        ; 0 s                 ; 0 s                 ; 2.62 V                       ; 4.05e-08 V                   ; 2.72 V              ; -0.0349 V           ; 0.173 V                              ; 0.1 V                                ; 2.72e-10 s                  ; 2.69e-10 s                  ; Yes                        ; Yes                        ; 2.62 V                      ; 4.05e-08 V                  ; 2.72 V             ; -0.0349 V          ; 0.173 V                             ; 0.1 V                               ; 2.72e-10 s                 ; 2.69e-10 s                 ; Yes                       ; Yes                       ;
; DAu[1]        ; 2.5 V        ; 0 s                 ; 0 s                 ; 2.62 V                       ; 4.05e-08 V                   ; 2.72 V              ; -0.0349 V           ; 0.173 V                              ; 0.1 V                                ; 2.72e-10 s                  ; 2.69e-10 s                  ; Yes                        ; Yes                        ; 2.62 V                      ; 4.05e-08 V                  ; 2.72 V             ; -0.0349 V          ; 0.173 V                             ; 0.1 V                               ; 2.72e-10 s                 ; 2.69e-10 s                 ; Yes                       ; Yes                       ;
; DAu[0]        ; 2.5 V        ; 0 s                 ; 0 s                 ; 2.62 V                       ; 4.05e-08 V                   ; 2.72 V              ; -0.0349 V           ; 0.173 V                              ; 0.1 V                                ; 2.72e-10 s                  ; 2.69e-10 s                  ; Yes                        ; Yes                        ; 2.62 V                      ; 4.05e-08 V                  ; 2.72 V             ; -0.0349 V          ; 0.173 V                             ; 0.1 V                               ; 2.72e-10 s                 ; 2.69e-10 s                 ; Yes                       ; Yes                       ;
; DAt[6]        ; 2.5 V        ; 0 s                 ; 0 s                 ; 2.62 V                       ; 4.05e-08 V                   ; 2.72 V              ; -0.0349 V           ; 0.173 V                              ; 0.1 V                                ; 2.72e-10 s                  ; 2.69e-10 s                  ; Yes                        ; Yes                        ; 2.62 V                      ; 4.05e-08 V                  ; 2.72 V             ; -0.0349 V          ; 0.173 V                             ; 0.1 V                               ; 2.72e-10 s                 ; 2.69e-10 s                 ; Yes                       ; Yes                       ;
; DAt[5]        ; 2.5 V        ; 0 s                 ; 0 s                 ; 2.62 V                       ; 4.05e-08 V                   ; 2.72 V              ; -0.0349 V           ; 0.173 V                              ; 0.1 V                                ; 2.72e-10 s                  ; 2.69e-10 s                  ; Yes                        ; Yes                        ; 2.62 V                      ; 4.05e-08 V                  ; 2.72 V             ; -0.0349 V          ; 0.173 V                             ; 0.1 V                               ; 2.72e-10 s                 ; 2.69e-10 s                 ; Yes                       ; Yes                       ;
; DAt[4]        ; 2.5 V        ; 0 s                 ; 0 s                 ; 2.62 V                       ; 4.05e-08 V                   ; 2.72 V              ; -0.0349 V           ; 0.173 V                              ; 0.1 V                                ; 2.72e-10 s                  ; 2.69e-10 s                  ; Yes                        ; Yes                        ; 2.62 V                      ; 4.05e-08 V                  ; 2.72 V             ; -0.0349 V          ; 0.173 V                             ; 0.1 V                               ; 2.72e-10 s                 ; 2.69e-10 s                 ; Yes                       ; Yes                       ;
; DAt[3]        ; 2.5 V        ; 0 s                 ; 0 s                 ; 2.62 V                       ; 4.05e-08 V                   ; 2.72 V              ; -0.0349 V           ; 0.173 V                              ; 0.1 V                                ; 2.72e-10 s                  ; 2.69e-10 s                  ; Yes                        ; Yes                        ; 2.62 V                      ; 4.05e-08 V                  ; 2.72 V             ; -0.0349 V          ; 0.173 V                             ; 0.1 V                               ; 2.72e-10 s                 ; 2.69e-10 s                 ; Yes                       ; Yes                       ;
; DAt[2]        ; 2.5 V        ; 0 s                 ; 0 s                 ; 2.62 V                       ; 4.05e-08 V                   ; 2.72 V              ; -0.0349 V           ; 0.173 V                              ; 0.1 V                                ; 2.72e-10 s                  ; 2.69e-10 s                  ; Yes                        ; Yes                        ; 2.62 V                      ; 4.05e-08 V                  ; 2.72 V             ; -0.0349 V          ; 0.173 V                             ; 0.1 V                               ; 2.72e-10 s                 ; 2.69e-10 s                 ; Yes                       ; Yes                       ;
; DAt[1]        ; 2.5 V        ; 0 s                 ; 0 s                 ; 2.62 V                       ; 4.05e-08 V                   ; 2.72 V              ; -0.0349 V           ; 0.173 V                              ; 0.1 V                                ; 2.72e-10 s                  ; 2.69e-10 s                  ; Yes                        ; Yes                        ; 2.62 V                      ; 4.05e-08 V                  ; 2.72 V             ; -0.0349 V          ; 0.173 V                             ; 0.1 V                               ; 2.72e-10 s                 ; 2.69e-10 s                 ; Yes                       ; Yes                       ;
; DAt[0]        ; 2.5 V        ; 0 s                 ; 0 s                 ; 2.62 V                       ; 4.05e-08 V                   ; 2.72 V              ; -0.0349 V           ; 0.173 V                              ; 0.1 V                                ; 2.72e-10 s                  ; 2.69e-10 s                  ; Yes                        ; Yes                        ; 2.62 V                      ; 4.05e-08 V                  ; 2.72 V             ; -0.0349 V          ; 0.173 V                             ; 0.1 V                               ; 2.72e-10 s                 ; 2.69e-10 s                 ; Yes                       ; Yes                       ;
; DBu[6]        ; 2.5 V        ; 0 s                 ; 0 s                 ; 2.62 V                       ; 4.05e-08 V                   ; 2.72 V              ; -0.0349 V           ; 0.173 V                              ; 0.1 V                                ; 2.72e-10 s                  ; 2.69e-10 s                  ; Yes                        ; Yes                        ; 2.62 V                      ; 4.05e-08 V                  ; 2.72 V             ; -0.0349 V          ; 0.173 V                             ; 0.1 V                               ; 2.72e-10 s                 ; 2.69e-10 s                 ; Yes                       ; Yes                       ;
; DBu[5]        ; 2.5 V        ; 0 s                 ; 0 s                 ; 2.62 V                       ; 4.05e-08 V                   ; 2.72 V              ; -0.0349 V           ; 0.173 V                              ; 0.1 V                                ; 2.72e-10 s                  ; 2.69e-10 s                  ; Yes                        ; Yes                        ; 2.62 V                      ; 4.05e-08 V                  ; 2.72 V             ; -0.0349 V          ; 0.173 V                             ; 0.1 V                               ; 2.72e-10 s                 ; 2.69e-10 s                 ; Yes                       ; Yes                       ;
; DBu[4]        ; 2.5 V        ; 0 s                 ; 0 s                 ; 2.62 V                       ; 4.05e-08 V                   ; 2.72 V              ; -0.0349 V           ; 0.173 V                              ; 0.1 V                                ; 2.72e-10 s                  ; 2.69e-10 s                  ; Yes                        ; Yes                        ; 2.62 V                      ; 4.05e-08 V                  ; 2.72 V             ; -0.0349 V          ; 0.173 V                             ; 0.1 V                               ; 2.72e-10 s                 ; 2.69e-10 s                 ; Yes                       ; Yes                       ;
; DBu[3]        ; 2.5 V        ; 0 s                 ; 0 s                 ; 2.62 V                       ; 4.05e-08 V                   ; 2.72 V              ; -0.0349 V           ; 0.173 V                              ; 0.1 V                                ; 2.72e-10 s                  ; 2.69e-10 s                  ; Yes                        ; Yes                        ; 2.62 V                      ; 4.05e-08 V                  ; 2.72 V             ; -0.0349 V          ; 0.173 V                             ; 0.1 V                               ; 2.72e-10 s                 ; 2.69e-10 s                 ; Yes                       ; Yes                       ;
; DBu[2]        ; 2.5 V        ; 0 s                 ; 0 s                 ; 2.62 V                       ; 4.05e-08 V                   ; 2.72 V              ; -0.0349 V           ; 0.173 V                              ; 0.1 V                                ; 2.72e-10 s                  ; 2.69e-10 s                  ; Yes                        ; Yes                        ; 2.62 V                      ; 4.05e-08 V                  ; 2.72 V             ; -0.0349 V          ; 0.173 V                             ; 0.1 V                               ; 2.72e-10 s                 ; 2.69e-10 s                 ; Yes                       ; Yes                       ;
; DBu[1]        ; 2.5 V        ; 0 s                 ; 0 s                 ; 2.62 V                       ; 4.05e-08 V                   ; 2.72 V              ; -0.0349 V           ; 0.173 V                              ; 0.1 V                                ; 2.72e-10 s                  ; 2.69e-10 s                  ; Yes                        ; Yes                        ; 2.62 V                      ; 4.05e-08 V                  ; 2.72 V             ; -0.0349 V          ; 0.173 V                             ; 0.1 V                               ; 2.72e-10 s                 ; 2.69e-10 s                 ; Yes                       ; Yes                       ;
; DBu[0]        ; 2.5 V        ; 0 s                 ; 0 s                 ; 2.62 V                       ; 4.05e-08 V                   ; 2.72 V              ; -0.0349 V           ; 0.173 V                              ; 0.1 V                                ; 2.72e-10 s                  ; 2.69e-10 s                  ; Yes                        ; Yes                        ; 2.62 V                      ; 4.05e-08 V                  ; 2.72 V             ; -0.0349 V          ; 0.173 V                             ; 0.1 V                               ; 2.72e-10 s                 ; 2.69e-10 s                 ; Yes                       ; Yes                       ;
; DBt[6]        ; 2.5 V        ; 0 s                 ; 0 s                 ; 2.62 V                       ; 4.05e-08 V                   ; 2.72 V              ; -0.0349 V           ; 0.173 V                              ; 0.1 V                                ; 2.72e-10 s                  ; 2.69e-10 s                  ; Yes                        ; Yes                        ; 2.62 V                      ; 4.05e-08 V                  ; 2.72 V             ; -0.0349 V          ; 0.173 V                             ; 0.1 V                               ; 2.72e-10 s                 ; 2.69e-10 s                 ; Yes                       ; Yes                       ;
; DBt[5]        ; 2.5 V        ; 0 s                 ; 0 s                 ; 2.62 V                       ; 4.05e-08 V                   ; 2.72 V              ; -0.0349 V           ; 0.173 V                              ; 0.1 V                                ; 2.72e-10 s                  ; 2.69e-10 s                  ; Yes                        ; Yes                        ; 2.62 V                      ; 4.05e-08 V                  ; 2.72 V             ; -0.0349 V          ; 0.173 V                             ; 0.1 V                               ; 2.72e-10 s                 ; 2.69e-10 s                 ; Yes                       ; Yes                       ;
; DBt[4]        ; 2.5 V        ; 0 s                 ; 0 s                 ; 2.62 V                       ; 4.05e-08 V                   ; 2.72 V              ; -0.0349 V           ; 0.173 V                              ; 0.1 V                                ; 2.72e-10 s                  ; 2.69e-10 s                  ; Yes                        ; Yes                        ; 2.62 V                      ; 4.05e-08 V                  ; 2.72 V             ; -0.0349 V          ; 0.173 V                             ; 0.1 V                               ; 2.72e-10 s                 ; 2.69e-10 s                 ; Yes                       ; Yes                       ;
; DBt[3]        ; 2.5 V        ; 0 s                 ; 0 s                 ; 2.62 V                       ; 4.05e-08 V                   ; 2.72 V              ; -0.0349 V           ; 0.173 V                              ; 0.1 V                                ; 2.72e-10 s                  ; 2.69e-10 s                  ; Yes                        ; Yes                        ; 2.62 V                      ; 4.05e-08 V                  ; 2.72 V             ; -0.0349 V          ; 0.173 V                             ; 0.1 V                               ; 2.72e-10 s                 ; 2.69e-10 s                 ; Yes                       ; Yes                       ;
; DBt[2]        ; 2.5 V        ; 0 s                 ; 0 s                 ; 2.62 V                       ; 4.05e-08 V                   ; 2.72 V              ; -0.0349 V           ; 0.173 V                              ; 0.1 V                                ; 2.72e-10 s                  ; 2.69e-10 s                  ; Yes                        ; Yes                        ; 2.62 V                      ; 4.05e-08 V                  ; 2.72 V             ; -0.0349 V          ; 0.173 V                             ; 0.1 V                               ; 2.72e-10 s                 ; 2.69e-10 s                 ; Yes                       ; Yes                       ;
; DBt[1]        ; 2.5 V        ; 0 s                 ; 0 s                 ; 2.62 V                       ; 4.05e-08 V                   ; 2.64 V              ; -0.0113 V           ; 0.208 V                              ; 0.179 V                              ; 2.38e-09 s                  ; 2.23e-09 s                  ; No                         ; Yes                        ; 2.62 V                      ; 4.05e-08 V                  ; 2.64 V             ; -0.0113 V          ; 0.208 V                             ; 0.179 V                             ; 2.38e-09 s                 ; 2.23e-09 s                 ; No                        ; Yes                       ;
; DBt[0]        ; 2.5 V        ; 0 s                 ; 0 s                 ; 2.62 V                       ; 4.05e-08 V                   ; 2.72 V              ; -0.0349 V           ; 0.173 V                              ; 0.1 V                                ; 2.72e-10 s                  ; 2.69e-10 s                  ; Yes                        ; Yes                        ; 2.62 V                      ; 4.05e-08 V                  ; 2.72 V             ; -0.0349 V          ; 0.173 V                             ; 0.1 V                               ; 2.72e-10 s                 ; 2.69e-10 s                 ; Yes                       ; Yes                       ;
; ~ALTERA_DCLK~ ; 2.5 V        ; 0 s                 ; 0 s                 ; 2.62 V                       ; 2.22e-08 V                   ; 2.74 V              ; -0.06 V             ; 0.158 V                              ; 0.08 V                               ; 2.68e-10 s                  ; 2.19e-10 s                  ; Yes                        ; Yes                        ; 2.62 V                      ; 2.22e-08 V                  ; 2.74 V             ; -0.06 V            ; 0.158 V                             ; 0.08 V                              ; 2.68e-10 s                 ; 2.19e-10 s                 ; Yes                       ; Yes                       ;
; ~ALTERA_nCEO~ ; 2.5 V        ; 0 s                 ; 0 s                 ; 2.62 V                       ; 3.54e-08 V                   ; 2.7 V               ; -0.00943 V          ; 0.276 V                              ; 0.035 V                              ; 3.19e-10 s                  ; 4.99e-10 s                  ; No                         ; Yes                        ; 2.62 V                      ; 3.54e-08 V                  ; 2.7 V              ; -0.00943 V         ; 0.276 V                             ; 0.035 V                             ; 3.19e-10 s                 ; 4.99e-10 s                 ; No                        ; Yes                       ;
+---------------+--------------+---------------------+---------------------+------------------------------+------------------------------+---------------------+---------------------+--------------------------------------+--------------------------------------+-----------------------------+-----------------------------+----------------------------+----------------------------+-----------------------------+-----------------------------+--------------------+--------------------+-------------------------------------+-------------------------------------+----------------------------+----------------------------+---------------------------+---------------------------+


+-------------------------------------------------------------------+
; Setup Transfers                                                   ;
+------------+----------+----------+----------+----------+----------+
; From Clock ; To Clock ; RR Paths ; FR Paths ; RF Paths ; FF Paths ;
+------------+----------+----------+----------+----------+----------+
; clock      ; clock    ; 197      ; 0        ; 0        ; 0        ;
+------------+----------+----------+----------+----------+----------+
Entries labeled "false path" only account for clock-to-clock false paths and not path-based false paths. As a result, actual path counts may be lower than reported.


+-------------------------------------------------------------------+
; Hold Transfers                                                    ;
+------------+----------+----------+----------+----------+----------+
; From Clock ; To Clock ; RR Paths ; FR Paths ; RF Paths ; FF Paths ;
+------------+----------+----------+----------+----------+----------+
; clock      ; clock    ; 197      ; 0        ; 0        ; 0        ;
+------------+----------+----------+----------+----------+----------+
Entries labeled "false path" only account for clock-to-clock false paths and not path-based false paths. As a result, actual path counts may be lower than reported.


---------------
; Report TCCS ;
---------------
No dedicated SERDES Transmitter circuitry present in device or used in design


---------------
; Report RSKM ;
---------------
No non-DPA dedicated SERDES Receiver circuitry present in device or used in design


+------------------------------------------------+
; Unconstrained Paths                            ;
+---------------------------------+-------+------+
; Property                        ; Setup ; Hold ;
+---------------------------------+-------+------+
; Illegal Clocks                  ; 0     ; 0    ;
; Unconstrained Clocks            ; 0     ; 0    ;
; Unconstrained Input Ports       ; 4     ; 4    ;
; Unconstrained Input Port Paths  ; 34    ; 34   ;
; Unconstrained Output Ports      ; 28    ; 28   ;
; Unconstrained Output Port Paths ; 104   ; 104  ;
+---------------------------------+-------+------+


+------------------------------------+
; TimeQuest Timing Analyzer Messages ;
+------------------------------------+
Info: *******************************************************************
Info: Running Quartus II 64-Bit TimeQuest Timing Analyzer
    Info: Version 13.1.0 Build 162 10/23/2013 SJ Web Edition
    Info: Processing started: Tue Dec 09 19:03:40 2025
Info: Command: quartus_sta lab4 -c lab4
Info: qsta_default_script.tcl version: #1
Warning (20028): Parallel compilation is not licensed and has been disabled
Info (21077): Core supply voltage is 1.2V
Info (21077): Low junction temperature is 0 degrees C
Info (21077): High junction temperature is 85 degrees C
Critical Warning (332012): Synopsys Design Constraints File file not found: 'lab4.sdc'. A Synopsys Design Constraints File is required by the TimeQuest Timing Analyzer to get proper timing constraints. Without it, the Compiler will not properly optimize the design.
Info (332142): No user constrained base clocks found in the design. Calling "derive_clocks -period 1.0"
Info (332105): Deriving Clocks
    Info (332105): create_clock -period 1.000 -name clock clock
Info (332143): No user constrained clock uncertainty found in the design. Calling "derive_clock_uncertainty"
Info (332123): Deriving Clock Uncertainty. Please refer to report_sdc in TimeQuest to see clock uncertainties.
Info: Found TIMEQUEST_REPORT_SCRIPT_INCLUDE_DEFAULT_ANALYSIS = ON
Info: Analyzing Slow 1200mV 85C Model
Critical Warning (332148): Timing requirements not met
    Info (11105): For recommendations on closing timing, run Report Timing Closure Recommendations in the TimeQuest Timing Analyzer.
Info (332146): Worst-case setup slack is -1.664
    Info (332119):     Slack       End Point TNS Clock 
    Info (332119): ========= =================== =====================
    Info (332119):    -1.664             -25.916 clock 
Info (332146): Worst-case hold slack is 0.385
    Info (332119):     Slack       End Point TNS Clock 
    Info (332119): ========= =================== =====================
    Info (332119):     0.385               0.000 clock 
Info (332140): No Recovery paths to report
Info (332140): No Removal paths to report
Info (332146): Worst-case minimum pulse width slack is -3.000
    Info (332119):     Slack       End Point TNS Clock 
    Info (332119): ========= =================== =====================
    Info (332119):    -3.000             -32.555 clock 
Info: Analyzing Slow 1200mV 0C Model
Info (334003): Started post-fitting delay annotation
Info (334004): Delay annotation completed successfully
Info (332123): Deriving Clock Uncertainty. Please refer to report_sdc in TimeQuest to see clock uncertainties.
Critical Warning (332148): Timing requirements not met
    Info (11105): For recommendations on closing timing, run Report Timing Closure Recommendations in the TimeQuest Timing Analyzer.
Info (332146): Worst-case setup slack is -1.394
    Info (332119):     Slack       End Point TNS Clock 
    Info (332119): ========= =================== =====================
    Info (332119):    -1.394             -21.390 clock 
Info (332146): Worst-case hold slack is 0.338
    Info (332119):     Slack       End Point TNS Clock 
    Info (332119): ========= =================== =====================
    Info (332119):     0.338               0.000 clock 
Info (332140): No Recovery paths to report
Info (332140): No Removal paths to report
Info (332146): Worst-case minimum pulse width slack is -3.000
    Info (332119):     Slack       End Point TNS Clock 
    Info (332119): ========= =================== =====================
    Info (332119):    -3.000             -32.555 clock 
Info: Analyzing Fast 1200mV 0C Model
Info (332123): Deriving Clock Uncertainty. Please refer to report_sdc in TimeQuest to see clock uncertainties.
Critical Warning (332148): Timing requirements not met
    Info (11105): For recommendations on closing timing, run Report Timing Closure Recommendations in the TimeQuest Timing Analyzer.
Info (332146): Worst-case setup slack is -0.327
    Info (332119):     Slack       End Point TNS Clock 
    Info (332119): ========= =================== =====================
    Info (332119):    -0.327              -3.514 clock 
Info (332146): Worst-case hold slack is 0.173
    Info (332119):     Slack       End Point TNS Clock 
    Info (332119): ========= =================== =====================
    Info (332119):     0.173               0.000 clock 
Info (332140): No Recovery paths to report
Info (332140): No Removal paths to report
Info (332146): Worst-case minimum pulse width slack is -3.000
    Info (332119):     Slack       End Point TNS Clock 
    Info (332119): ========= =================== =====================
    Info (332119):    -3.000             -27.475 clock 
Info (332102): Design is not fully constrained for setup requirements
Info (332102): Design is not fully constrained for hold requirements
Info: Quartus II 64-Bit TimeQuest Timing Analyzer was successful. 0 errors, 5 warnings
    Info: Peak virtual memory: 4692 megabytes
    Info: Processing ended: Tue Dec 09 19:03:43 2025
    Info: Elapsed time: 00:00:03
    Info: Total CPU time (on all processors): 00:00:01


